Date,ADA-USD,AVAX-USD,BCH-USD,BNB-USD,BTC-USD,DOGE-USD,DOT1-USD,ETC-USD,ETH-USD,LINK-USD,LTC-USD,LUNA1-USD,MATIC-USD,SOL1-USD,UNI3-USD,VET-USD,XLM-USD,XRP-USD
2020-09-22,0.08175399899482727,5.2346320152282715,220.0342254638672,24.100740432739258,10538.4599609375,0.002655999967828393,4.174462795257568,4.9700469970703125,344.503173828125,8.764184951782227,44.545047760009766,0.3005020022392273,0.01964700035750866,2.9155189990997314,3.9051380157470703,0.012362999841570854,0.07198700308799744,0.23341700434684753
2020-09-23,0.07682999968528748,3.5218119621276855,208.16513061523438,22.872678756713867,10225.8642578125,0.002563999965786934,4.027708053588867,4.879065990447998,320.5855407714844,7.68582010269165,43.042057037353516,0.2907260060310364,0.01773199997842312,2.8469960689544678,4.357082843780518,0.01139300037175417,0.06777799874544144,0.22165699303150177
2020-09-24,0.08289500325918198,4.578369140625,216.69386291503906,24.622034072875977,10745.548828125,0.002644000109285116,4.382960796356201,5.022540092468262,349.3566589355469,9.833250999450684,44.96100616455078,0.3027920126914978,0.018990999087691307,3.151376962661743,5.139447212219238,0.012399000115692616,0.0706309974193573,0.23301799595355988
2020-09-25,0.09690900146961212,4.711471080780029,216.6597137451172,24.67837905883789,10702.2900390625,0.002706000115722418,4.42352819442749,5.013247013092041,352.161865234375,10.715444564819336,46.00873565673828,0.3241010010242462,0.01917099952697754,3.191359043121338,5.015684127807617,0.012897999957203865,0.07466799765825272,0.24180500209331512
2020-09-26,0.09555000066757202,4.541182041168213,221.87783813476562,26.238441467285156,10754.4375,0.002707999898120761,4.334268093109131,5.391321182250977,354.96527099609375,10.335214614868164,46.1312255859375,0.3160119950771332,0.01892000064253807,3.1391661167144775,4.800911903381348,0.012884000316262245,0.07422199845314026,0.24236899614334106
2020-09-27,0.10120599716901779,4.644225120544434,229.073974609375,26.239866256713867,10774.4267578125,0.002701000077649951,4.302318096160889,5.464519023895264,357.3216857910156,10.773763656616211,46.010440826416016,0.31263500452041626,0.018748000264167786,3.157870054244995,4.777029991149902,0.012741000391542912,0.0736289992928505,0.2432519942522049
2020-09-28,0.10069599747657776,4.206296920776367,226.35101318359375,26.98469352722168,10721.3271484375,0.0026579999830573797,4.401093006134033,5.430210113525391,354.95050048828125,10.317587852478027,45.27067184448242,0.32310301065444946,0.018936000764369965,2.9578449726104736,4.185194969177246,0.012845000252127647,0.0737060010433197,0.24205100536346436
2020-09-29,0.10113599896430969,4.142106056213379,229.23594665527344,28.852825164794922,10848.830078125,0.0026809999253600836,4.500072956085205,5.4214019775390625,359.9634094238281,10.111197471618652,45.69805908203125,0.33346301317214966,0.0196749996393919,2.9525771141052246,4.440886974334717,0.013186000287532806,0.07442499697208405,0.24313899874687195
2020-09-30,0.10114599764347076,4.325939178466797,228.10092163085938,29.330982208251953,10787.6181640625,0.0026420000940561295,4.353696823120117,5.405889987945557,360.0223693847656,9.857670783996582,46.28403854370117,0.3345080018043518,0.02014799974858761,2.9000699520111084,4.159933090209961,0.013530000112950802,0.07496999949216843,0.2423110008239746
2020-10-01,0.09787800163030624,4.1559319496154785,228.15786743164062,27.470754623413086,10623.330078125,0.0026149998884648085,4.346024036407471,5.342927932739258,353.2312927246094,9.647448539733887,46.283145904541016,0.318231999874115,0.018969999626278877,2.8669049739837646,4.268764019012451,0.0127379996702075,0.07340399920940399,0.23836100101470947
2020-10-05,0.0976869985461235,3.9929680824279785,222.38584899902344,28.658798217773438,10804.0009765625,0.002626999979838729,4.170382976531982,5.119501113891602,354.277099609375,9.646208763122559,46.37938690185547,0.31121599674224854,0.018837999552488327,2.658379077911377,3.4305219650268555,0.011394999921321869,0.07355599850416183,0.25089600682258606
2020-10-06,0.09290900081396103,3.5442280769348145,220.44375610351562,27.767236709594727,10621.6640625,0.0026100000832229853,3.7556490898132324,5.249242782592773,341.0211486816406,8.780579566955566,46.023780822753906,0.2949190139770508,0.017201999202370644,2.174531936645508,2.8820090293884277,0.010134000331163406,0.07264500111341476,0.2458599954843521
2020-10-07,0.0939359962940216,3.460685968399048,223.55584716796875,27.758895874023438,10679.13671875,0.0026000000070780516,3.8592638969421387,5.188158988952637,342.1197814941406,8.98204231262207,46.67470932006836,0.30320701003074646,0.016982000321149826,2.3045849800109863,2.970984935760498,0.011278999969363213,0.0725959986448288,0.24904100596904755
2020-10-08,0.09624200314283371,3.909959077835083,233.94467163085938,27.749296188354492,10923.6279296875,0.0026030000299215317,4.1172919273376465,5.19215202331543,351.4556579589844,9.547591209411621,47.2384033203125,0.3015559911727905,0.01664399914443493,2.3732380867004395,3.300523042678833,0.011012000031769276,0.07332000136375427,0.2516149878501892
2020-10-10,0.10502500087022781,4.026704788208008,237.32351684570312,28.31248664855957,11296.361328125,0.0026549999602138996,4.252954959869385,5.302433013916016,370.96759033203125,10.524792671203613,48.92109680175781,0.3080880045890808,0.01720700040459633,2.406090021133423,3.3315269947052,0.01140700001269579,0.07737299799919128,0.25429001450538635
2020-10-11,0.10653799772262573,4.095879077911377,239.6698455810547,28.555580139160156,11384.181640625,0.0026740001048892736,4.262162208557129,5.4377570152282715,375.1420593261719,10.847407341003418,50.727901458740234,0.321258008480072,0.017854999750852585,2.4265780448913574,3.387239933013916,0.011447000317275524,0.07722900062799454,0.25571900606155396
2020-10-14,0.10729700326919556,4.150055885314941,259.13348388671875,30.912118911743164,11429.5068359375,0.0026370000559836626,4.199113845825195,5.3810248374938965,379.4840393066406,10.949109077453613,49.84648895263672,0.32030799984931946,0.01723499968647957,2.3146350383758545,3.0820229053497314,0.011146999895572662,0.07428299635648727,0.2494480013847351
2020-10-15,0.10663499683141708,4.127353191375732,261.3847351074219,31.29586410522461,11495.349609375,0.002592999953776598,4.096810817718506,5.330965995788574,377.44183349609375,10.737751960754395,49.49037170410156,0.3243100047111511,0.017190000042319298,2.2664361000061035,2.906949043273926,0.01095299981534481,0.07404100149869919,0.24593999981880188
2020-10-16,0.10406400263309479,4.040480136871338,250.32540893554688,29.99489974975586,11322.123046875,0.002612000098451972,3.909528970718384,5.178281784057617,366.22900390625,10.619549751281738,47.692874908447266,0.3189840018749237,0.016253000125288963,2.149385929107666,3.0349769592285156,0.010595000348985195,0.07870200276374817,0.24044300615787506
2020-10-17,0.10610400140285492,4.196009159088135,246.31993103027344,30.24823570251465,11358.1015625,0.002581000095233321,3.967252016067505,5.190179824829102,368.8559265136719,10.6525239944458,47.05392837524414,0.31672999262809753,0.016742000356316566,2.201843023300171,3.000683069229126,0.010998999699950218,0.08191599696874619,0.24093100428581238
2020-10-18,0.10738799721002579,4.116062164306641,249.81216430664062,30.659523010253906,11483.359375,0.0025859999004751444,4.104650974273682,5.2227349281311035,378.21368408203125,10.88071346282959,47.619544982910156,0.3136729896068573,0.0168869998306036,2.2142670154571533,3.2668590545654297,0.011632000096142292,0.07955099642276764,0.24222500622272491
2020-10-19,0.10867699980735779,4.050311088562012,250.7097930908203,29.925067901611328,11742.037109375,0.002589999930933118,3.9905920028686523,5.221811771392822,379.93560791015625,10.886282920837402,48.098915100097656,0.3200420141220093,0.01620499975979328,2.058079957962036,3.177664041519165,0.01141900010406971,0.08524899929761887,0.24596400558948517
2020-10-20,0.1024940013885498,3.80220103263855,242.84555053710938,28.803443908691406,11916.3349609375,0.002601000014692545,3.9103429317474365,5.097246170043945,369.13690185546875,9.878593444824219,47.051029205322266,0.31047800183296204,0.01563199982047081,1.8886719942092896,2.869800090789795,0.010812000371515751,0.08090600371360779,0.24357299506664276
2020-10-21,0.10618700087070465,3.965959072113037,258.51458740234375,29.772354125976562,12823.689453125,0.002630000002682209,4.141119956970215,5.369102954864502,392.1899719238281,10.804607391357422,53.04533004760742,0.3122769892215729,0.01638299971818924,1.8903779983520508,2.9413740634918213,0.011359999887645245,0.08377999812364578,0.2516149878501892
2020-10-22,0.11057200282812119,4.3144211769104,266.4726257324219,30.658191680908203,12965.8916015625,0.0026549999602138996,4.26894998550415,5.620272159576416,413.7729797363281,11.939334869384766,54.267276763916016,0.31399300694465637,0.017403999343514442,1.9556529521942139,3.03944993019104,0.012133999727666378,0.08528000116348267,0.25680699944496155
2020-10-23,0.10808300226926804,4.262105941772461,270.3146667480469,30.633960723876953,12931.5390625,0.0026469998992979527,4.266849994659424,5.482522010803223,409.7666931152344,12.163795471191406,55.23868942260742,0.3165160119533539,0.01703999936580658,1.960034966468811,3.012190103530884,0.012229000218212605,0.08379500359296799,0.2548789978027344
2020-10-24,0.10807500034570694,4.189700126647949,275.12200927734375,30.588821411132812,13108.0625,0.0026459998916834593,4.355343818664551,5.525562763214111,412.4576110839844,12.731548309326172,59.09558868408203,0.3115440011024475,0.0176829993724823,1.9118280410766602,2.9432570934295654,0.01228800043463707,0.08543699979782104,0.2564310133457184
2020-10-25,0.10635100305080414,4.153210163116455,271.0794372558594,30.107540130615234,13031.173828125,0.002652999944984913,4.335230827331543,5.548081874847412,406.2177734375,12.160058975219727,58.674800872802734,0.30808600783348083,0.01716499961912632,1.7874590158462524,2.775747060775757,0.011784999631345272,0.08314300328493118,0.25321298837661743
2020-10-26,0.10309699922800064,4.160973072052002,259.7825927734375,31.154560089111328,13075.248046875,0.002678999910131097,4.727015972137451,5.450547218322754,393.8883056640625,11.747901916503906,56.74577713012695,0.30418500304222107,0.016561999917030334,1.6854660511016846,2.725903034210205,0.01140700001269579,0.08090700209140778,0.2486879974603653
2020-10-27,0.10282699763774872,4.1222429275512695,264.5394287109375,31.638721466064453,13654.21875,0.00267699989490211,4.6839518547058105,5.454065799713135,403.9970397949219,11.973836898803711,57.8160514831543,0.30915001034736633,0.015799999237060547,1.7102320194244385,2.8223989009857178,0.011377999559044838,0.08180899918079376,0.2528989911079407
2021-04-01,1.189244031906128,28.418750762939453,561.6582641601562,335.212890625,59095.80859375,0.06198599934577942,37.67287826538086,14.410886764526367,1977.27685546875,30.233219146728516,204.11251831054688,18.516494750976562,0.36422199010849,19.084901809692383,28.739431381225586,0.08904000371694565,0.43251198530197144,0.5792919993400574
2021-04-02,1.1965090036392212,29.117610931396484,585.7074584960938,339.0077209472656,59384.3125,0.05766399949789047,41.164283752441406,15.288599014282227,2143.2255859375,32.53324890136719,213.2283935546875,18.566604614257812,0.3840020000934601,19.810222625732422,30.17564582824707,0.09504000097513199,0.4465849995613098,0.6165689826011658
2021-04-03,1.1732770204544067,28.251848220825195,536.6788330078125,323.1335144042969,57603.890625,0.05580399930477142,41.64603042602539,13.665507316589355,2028.4224853515625,29.534889221191406,197.14820861816406,18.14192771911621,0.3540309965610504,22.552276611328125,29.549884796142578,0.0888189971446991,0.4180540144443512,0.5909150242805481
2021-04-04,1.1914199590682983,29.3297119140625,566.5130615234375,351.6243896484375,58758.5546875,0.05740400031208992,44.6522102355957,14.617213249206543,2093.122802734375,30.9572811126709,204.04290771484375,18.347497940063477,0.3626370131969452,24.061323165893555,31.065555572509766,0.09408699721097946,0.43780699372291565,0.6467289924621582
2021-04-05,1.2143000364303589,31.246593475341797,648.5609741210938,367.7724914550781,59057.87890625,0.059696000069379807,45.7972297668457,16.127941131591797,2107.88720703125,32.39665603637695,221.0690460205078,17.560474395751953,0.37003299593925476,22.984283447265625,30.794845581054688,0.10255999863147736,0.5363669991493225,0.9204729795455933
2021-04-06,1.2553540468215942,31.554494857788086,667.7485961914062,403.59075927734375,58192.359375,0.06445799767971039,43.430198669433594,17.86155128479004,2118.37890625,34.79787826538086,237.66490173339844,16.733224868774414,0.374565988779068,24.95714569091797,31.3227481842041,0.11270000040531158,0.542743980884552,1.0962660312652588
2021-04-07,1.1751489639282227,29.476511001586914,618.5975341796875,374.6588134765625,56048.9375,0.05902799963951111,39.59401321411133,19.191848754882812,1971.0772705078125,31.17518424987793,219.42367553710938,15.46347427368164,0.33720800280570984,26.47808074951172,28.59392547607422,0.1057099997997284,0.47328001260757446,0.917576014995575
2021-04-08,1.2194360494613647,30.764034271240234,647.5640869140625,418.03839111328125,58323.953125,0.06146400049328804,41.36595153808594,19.503684997558594,2088.57373046875,32.74489974975586,227.00302124023438,15.745903968811035,0.3563059866428375,27.033987045288086,30.222431182861328,0.11724899709224701,0.506816029548645,1.0527559518814087
2021-04-09,1.2035399675369263,31.532609939575195,635.7067260742188,453.178466796875,58245.00390625,0.06168400123715401,40.849308013916016,18.76987075805664,2072.10888671875,31.63246726989746,221.86236572265625,15.67758560180664,0.36760300397872925,27.778274536132812,29.562219619750977,0.12656299769878387,0.4863870143890381,1.0208369493484497
2021-04-10,1.2187579870224,31.803802490234375,673.9575805664062,472.5603332519531,59793.234375,0.06384500116109848,41.62615203857422,20.39337921142578,2135.942138671875,31.899261474609375,255.6201934814453,15.51254653930664,0.35847100615501404,26.84140396118164,29.792390823364258,0.14262600243091583,0.5618289709091187,1.3744159936904907
2021-04-11,1.2667349576950073,31.60232162475586,696.6084594726562,525.3855590820312,60204.96484375,0.07464899867773056,41.423397064208984,20.43368148803711,2157.656982421875,33.91918182373047,253.63446044921875,15.141955375671387,0.37053200602531433,27.9318904876709,29.979101181030273,0.13974200189113617,0.5888100266456604,1.3605300188064575
2021-04-12,1.3161269426345825,33.883968353271484,674.7862548828125,598.72265625,59893.453125,0.07076700031757355,40.49749755859375,19.53263282775879,2139.353271484375,33.10542678833008,244.49436950683594,14.639739036560059,0.35804399847984314,28.512123107910156,36.75481414794922,0.12892299890518188,0.5905920267105103,1.4677350521087646
2021-04-13,1.4117859601974487,33.67353057861328,746.8653564453125,549.5865478515625,63503.45703125,0.09344500303268433,42.94791030883789,21.223060607910156,2299.187744140625,35.456634521484375,266.9814758300781,15.618185043334961,0.42207399010658264,27.4355525970459,35.322261810302734,0.15296199917793274,0.6553559899330139,1.7940009832382202
2021-04-14,1.4554200172424316,38.462867736816406,818.7034301757812,549.5918579101562,63109.6953125,0.12151700258255005,42.64084243774414,21.97785186767578,2435.10498046875,41.423709869384766,279.7484130859375,15.302223205566406,0.41468000411987305,26.47511100769043,36.151065826416016,0.16874299943447113,0.6367350220680237,1.8392360210418701
2021-04-15,1.4815880060195923,37.143062591552734,868.155517578125,542.632080078125,63314.01171875,0.18220700323581696,43.515968322753906,28.652196884155273,2519.1162109375,42.7531623840332,286.5906066894531,16.886905670166016,0.4427329897880554,27.818313598632812,37.84836959838867,0.17657099664211273,0.641040027141571,1.7660670280456543
2021-04-16,1.4169490337371826,35.631317138671875,1110.654296875,510.2201843261719,61572.7890625,0.36586999893188477,41.5379753112793,38.53741455078125,2431.946533203125,42.10155487060547,310.61273193359375,15.79843807220459,0.43644699454307556,25.39736557006836,36.279659271240234,0.23808899521827698,0.6132630109786987,1.55752694606781
2021-04-17,1.3848689794540405,34.341453552246094,1006.32421875,520.416748046875,60683.8203125,0.28417301177978516,42.53594970703125,38.32163619995117,2344.89501953125,40.372066497802734,304.7599182128906,15.339083671569824,0.40625301003456116,25.09987449645996,35.09549331665039,0.22758500277996063,0.5992550253868103,1.5600550174713135
2021-04-18,1.275501012802124,29.253093719482422,965.6826171875,481.03424072265625,56216.18359375,0.3204750120639801,37.34743118286133,37.008113861083984,2237.136962890625,39.06591033935547,273.09881591796875,13.398308753967285,0.3629010021686554,32.30291748046875,31.746318817138672,0.25463199615478516,0.544734001159668,1.4059979915618896
2021-04-19,1.1979589462280273,26.283065795898438,894.1287231445312,505.0929260253906,55724.265625,0.40731799602508545,34.81666946411133,33.49696350097656,2166.188720703125,35.8793830871582,261.9192199707031,13.90625,0.3271999955177307,31.67589569091797,31.446096420288086,0.22933900356292725,0.5012339949607849,1.3150440454483032
2021-04-20,1.2659339904785156,27.34795379638672,940.9869384765625,587.0291137695312,56473.03125,0.31949999928474426,35.444435119628906,33.63383102416992,2330.2109375,38.95063400268555,260.94134521484375,13.432103157043457,0.34152400493621826,31.77005386352539,31.96318817138672,0.2519969940185547,0.5279499888420105,1.3832989931106567
2021-04-21,1.2067350149154663,25.90350341796875,913.90576171875,546.0235595703125,53906.08984375,0.3069249987602234,33.871028900146484,32.15621566772461,2364.751708984375,36.43635940551758,258.80560302734375,13.281159400939941,0.3592289984226227,32.51304244995117,33.60398864746094,0.2272309958934784,0.4920879900455475,1.2964979410171509
2021-04-22,1.147017002105713,24.034961700439453,854.0779418945312,506.01300048828125,51762.2734375,0.2609669864177704,32.98847579956055,33.51214599609375,2403.53515625,35.23340606689453,253.07835388183594,13.649862289428711,0.3494449853897095,38.8797607421875,34.13132095336914,0.19079700112342834,0.4503459930419922,1.159682035446167
2021-04-23,1.155701994895935,23.498424530029297,838.8472290039062,526.5652465820312,51093.65234375,0.2485090047121048,32.22798538208008,32.558380126953125,2363.586181640625,35.05847930908203,241.35877990722656,14.08147144317627,0.38180801272392273,36.97842025756836,32.881690979003906,0.2012850046157837,0.45089200139045715,1.169659972190857
2021-04-24,1.101354956626892,21.777528762817383,769.1758422851562,496.4150695800781,50050.8671875,0.27021199464797974,28.932832717895508,29.56983184814453,2211.625732421875,31.125198364257812,224.8357696533203,15.56937026977539,0.3534280061721802,40.7373161315918,30.11583709716797,0.17827899754047394,0.42574599385261536,1.0487060546875
2021-04-25,1.0882500410079956,21.543121337890625,757.708740234375,505.0770568847656,49004.25390625,0.2511110007762909,29.762489318847656,29.111286163330078,2316.0595703125,31.540620803833008,223.6328582763672,17.663372039794922,0.3828839957714081,47.36762619018555,33.88875198364258,0.16777899861335754,0.4164380133152008,1.032256007194519
2021-04-26,1.2340190410614014,26.459278106689453,849.4700927734375,534.5776977539062,54021.75390625,0.2706739902496338,33.4066276550293,32.8110466003418,2534.481689453125,35.135986328125,247.4059295654297,17.617042541503906,0.5351930260658264,43.97651672363281,37.945411682128906,0.18886199593544006,0.4856100082397461,1.3685059547424316
2021-04-27,1.306926965713501,27.820369720458984,887.862548828125,568.4705200195312,55033.1171875,0.2721880078315735,34.70315933227539,33.7121467590332,2662.865234375,36.808067321777344,259.65228271484375,17.721141815185547,0.8327540159225464,43.2390022277832,39.61473083496094,0.20892000198364258,0.5094789862632751,1.4009549617767334
2021-04-28,1.3356659412384033,28.327573776245117,909.8458251953125,562.632568359375,54824.703125,0.3236820101737976,33.967552185058594,35.015037536621094,2746.380126953125,36.2208366394043,258.5051574707031,16.81857681274414,0.7731130123138428,44.825984954833984,42.8032112121582,0.19859999418258667,0.49734899401664734,1.3586009740829468
2021-04-29,1.3080140352249146,27.92986488342285,880.6653442382812,599.70654296875,53555.109375,0.3051689863204956,35.96815490722656,34.4580078125,2756.876953125,36.44501876831055,255.58526611328125,16.236839294433594,0.8908720016479492,42.460540771484375,41.03312683105469,0.19135700166225433,0.49179700016975403,1.399359941482544
2021-04-30,1.3524490594863892,32.918373107910156,993.4256591796875,624.08056640625,57750.17578125,0.3375610113143921,36.54066467285156,36.368431091308594,2773.20703125,38.12850570678711,271.1670837402344,16.687427520751953,0.8205680251121521,42.95600128173828,40.69766616821289,0.20107899606227875,0.5295259952545166,1.5916739702224731
2021-05-01,1.3530709743499756,31.89084243774414,1005.080078125,619.3472290039062,57828.05078125,0.3929870128631592,36.929683685302734,44.6092529296875,2945.892822265625,41.11626052856445,276.8335266113281,16.541624069213867,0.7868210077285767,49.50802230834961,40.19977569580078,0.20419000089168549,0.5398020148277283,1.6510250568389893
2021-05-02,1.3268120288848877,31.304956436157227,974.6554565429688,622.1010131835938,56631.078125,0.37604600191116333,36.6545295715332,44.903751373291016,2952.05615234375,39.50485610961914,269.1043701171875,17.14510154724121,0.8245120048522949,46.890987396240234,42.32731246948242,0.21602800488471985,0.5594919919967651,1.5626410245895386
2021-05-03,1.362030029296875,35.93231964111328,1017.2999877929688,675.68408203125,57200.29296875,0.44170698523521423,37.25520706176758,52.05988693237305,3431.086181640625,42.05980682373047,294.7040100097656,17.284818649291992,0.7961390018463135,45.93368911743164,42.317527770996094,0.21077899634838104,0.5521420240402222,1.555994987487793
2021-05-04,1.274111032485962,30.361431121826172,955.1824340820312,611.2003173828125,53333.5390625,0.5413339734077454,34.85350799560547,69.49090576171875,3253.62939453125,45.68613815307617,306.2344970703125,16.337411880493164,0.7043830156326294,42.729557037353516,43.16450500488281,0.1885789930820465,0.5033230185508728,1.3923759460449219
2021-05-05,1.4755289554595947,35.263118743896484,1454.93505859375,651.6627197265625,57424.0078125,0.6576330065727234,40.49504470825195,94.26644134521484,3522.783203125,49.42929458618164,356.0370788574219,17.01775360107422,0.8110849857330322,44.92357635498047,42.496185302734375,0.2073190063238144,0.6034290194511414,1.6145119667053223
2021-05-06,1.650123953819275,37.98084259033203,1505.7657470703125,633.2803955078125,56396.515625,0.5808039903640747,41.53346633911133,134.10179138183594,3490.88037109375,47.127403259277344,353.5103454589844,16.768295288085938,0.7617849707603455,43.4556770324707,40.22020721435547,0.21527999639511108,0.6510319709777832,1.6005810499191284
2021-05-07,1.65345299243927,38.04991912841797,1343.2474365234375,624.5632934570312,57356.40234375,0.684777021408081,39.92985153198242,120.12973022460938,3484.72900390625,49.31119918823242,346.2535705566406,16.582763671875,0.7531290054321289,43.1550178527832,39.78305435180664,0.23084600269794464,0.6303769946098328,1.5817550420761108
2021-05-08,1.619554042816162,38.32207489013672,1402.3680419921875,646.100830078125,58803.77734375,0.6364390254020691,39.83269119262695,126.48834228515625,3902.647705078125,48.60890579223633,346.3687438964844,16.984989166259766,0.8482580184936523,45.56153106689453,40.40708923339844,0.22331200540065765,0.6165509819984436,1.5625979900360107
2021-05-09,1.7705620527267456,39.021636962890625,1428.52880859375,662.2285766601562,58232.31640625,0.5700700283050537,40.312843322753906,117.37632751464844,3928.8447265625,52.19869613647461,386.4507751464844,16.993803024291992,0.9698650240898132,44.330196380615234,39.43003463745117,0.23375700414180756,0.6285889744758606,1.5352929830551147
2021-05-10,1.6446959972381592,34.70148849487305,1321.401123046875,631.3519897460938,55859.796875,0.4499639868736267,36.541770935058594,105.02526092529297,3952.2939453125,46.46869659423828,359.3293151855469,15.86888313293457,0.8750690221786499,42.90963363647461,36.38795471191406,0.20280200242996216,0.6595789790153503,1.3890060186386108
2021-05-11,1.7640769481658936,36.82477951049805,1542.425048828125,672.3339233398438,56704.57421875,0.4952310025691986,38.64228439331055,111.1402816772461,4168.701171875,48.754764556884766,377.3887939453125,16.311174392700195,1.069219946861267,44.57746887207031,38.4899787902832,0.21282699704170227,0.7299960255622864,1.4776819944381714
2021-05-12,1.5527750253677368,32.0162467956543,1209.806884765625,588.1851806640625,49150.53515625,0.3853760063648224,34.03139114379883,82.75916290283203,3785.8486328125,41.03371047973633,303.0848693847656,14.475173950195312,1.0190140008926392,42.45730972290039,36.03806686401367,0.16456200182437897,0.5887050032615662,1.247864007949829
2021-05-13,1.9336680173873901,34.98023986816406,1251.692138671875,571.4345092773438,49716.19140625,0.49037399888038635,40.031654357910156,87.77384185791016,3715.1484375,43.0898323059082,316.9093322753906,15.895573616027832,1.0531539916992188,40.99785232543945,37.36915969848633,0.1820710003376007,0.644150972366333,1.3589099645614624
2021-05-14,2.004796028137207,36.951202392578125,1298.664794921875,603.1282958984375,49880.53515625,0.5596039891242981,47.94593811035156,104.12317657470703,4079.057373046875,46.54690170288086,326.2338562011719,16.405128479003906,1.470762014389038,42.717864990234375,40.32621383666992,0.1867399960756302,0.668042004108429,1.4029170274734497
2021-05-15,2.1740269660949707,34.41056442260742,1170.348388671875,563.0416870117188,46760.1875,0.507972002029419,43.538631439208984,95.1675033569336,3638.1220703125,41.498313903808594,299.77252197265625,15.21720027923584,1.608185052871704,43.461307525634766,36.57718276977539,0.17209500074386597,0.6762409806251526,1.4858800172805786
2021-05-16,2.309113025665283,36.5188102722168,1168.72900390625,562.829833984375,46456.05859375,0.5148950219154358,42.63151168823242,93.78987884521484,3587.506103515625,40.73714828491211,296.6270446777344,16.182369232177734,1.714745044708252,47.200828552246094,36.56150436401367,0.1767369955778122,0.7143020033836365,1.452605962753296
2021-05-17,2.032226085662842,33.662254333496094,1068.6568603515625,511.9643859863281,43537.51171875,0.4878920018672943,38.71015930175781,89.93803405761719,3282.397705078125,37.19443893432617,281.7693176269531,14.957592010498047,1.7279729843139648,46.86320495605469,33.28563690185547,0.1580210030078888,0.6456009745597839,1.4962999820709229
2021-05-18,2.003662109375,36.82215881347656,1091.5501708984375,508.0223083496094,42909.40234375,0.47611498832702637,40.645355224609375,88.67708587646484,3380.070068359375,42.54531478881836,294.61932373046875,15.704337120056152,2.45436692237854,55.91096115112305,35.07202911376953,0.16207900643348694,0.6471149921417236,1.5907340049743652
2021-05-19,1.4825210571289062,23.383895874023438,706.7958374023438,339.0254821777344,37002.44140625,0.33312299847602844,25.227142333984375,60.121788024902344,2460.67919921875,26.70195960998535,189.52017211914062,9.64405345916748,1.6593899726867676,35.107181549072266,23.42795753479004,0.10766900330781937,0.45042699575424194,1.0703129768371582
2021-05-20,1.8104690313339233,25.196884155273438,821.6005249023438,393.6127624511719,40782.73828125,0.400193989276886,29.150569915771484,74.0557632446289,2784.294189453125,30.78122901916504,212.27613830566406,10.40572738647461,1.8414510488510132,44.74274826049805,26.394573211669922,0.13179700076580048,0.49759000539779663,1.1855369806289673
2021-05-21,1.5522769689559937,21.801769256591797,687.9571533203125,326.29632568359375,37304.69140625,0.3593820035457611,24.463970184326172,64.04541015625,2430.621337890625,25.577577590942383,180.19703674316406,8.265974998474121,1.4823360443115234,38.81285095214844,21.901260375976562,0.10865999758243561,0.41935500502586365,1.0069760084152222
2021-05-22,1.463621973991394,18.851139068603516,631.7822265625,299.50408935546875,37536.6328125,0.34237098693847656,22.014524459838867,58.537742614746094,2295.70556640625,23.292158126831055,169.5945587158203,6.583102226257324,1.1932920217514038,31.315582275390625,20.383455276489258,0.09952700138092041,0.38995298743247986,0.9063169956207275
2021-05-23,1.325435996055603,15.756152153015137,556.1397705078125,262.9456787109375,34770.58203125,0.30807098746299744,18.029441833496094,51.96479415893555,2109.579833984375,20.008373260498047,143.5193634033203,4.107669830322266,1.0867149829864502,24.68874740600586,16.836334228515625,0.08693599700927734,0.36780500411987305,0.7970150113105774
2021-05-24,1.5494849681854248,19.410947799682617,748.4216918945312,345.30963134765625,38705.98046875,0.3661620020866394,23.19908905029297,73.42115783691406,2643.591064453125,26.362958908081055,183.99412536621094,6.590835094451904,1.7175769805908203,31.283571243286133,24.627649307250977,0.1119839996099472,0.43970200419425964,0.9928349852561951
2021-05-25,1.5553690195083618,19.450809478759766,719.9478149414062,344.1139831542969,38402.22265625,0.34630200266838074,22.130130767822266,78.24352264404297,2706.62890625,27.629838943481445,183.49789428710938,6.638655185699463,1.9400500059127808,29.99707794189453,25.195016860961914,0.11236300319433212,0.42881301045417786,0.976186990737915
2021-05-26,1.7827019691467285,20.905675888061523,765.048828125,379.85430908203125,39294.19921875,0.35369300842285156,24.5496883392334,79.92976379394531,2888.69873046875,33.9848747253418,199.22433471679688,7.334159851074219,2.2101669311523438,35.539817810058594,29.368295669555664,0.1331000030040741,0.44467398524284363,1.0337250232696533
2021-05-27,1.6459599733352661,19.000335693359375,745.955078125,367.6557922363281,38436.96875,0.33294498920440674,23.852981567382812,74.30797576904297,2736.488525390625,31.514713287353516,193.12109375,6.653355121612549,2.026745080947876,33.584590911865234,28.37033462524414,0.1232990026473999,0.4185909926891327,0.9702349901199341
2021-05-28,1.5119869709014893,16.73341178894043,689.9478759765625,329.8799133300781,35697.60546875,0.3112049996852875,21.410093307495117,68.35733032226562,2419.90625,27.951692581176758,177.32066345214844,5.898266792297363,1.8232940435409546,29.039276123046875,25.924945831298828,0.10830000042915344,0.39879199862480164,0.9001479744911194
2021-05-29,1.4062319993972778,16.127492904663086,651.5799560546875,305.0521545410156,34616.06640625,0.3031100034713745,19.863374710083008,64.28092956542969,2279.51416015625,25.398639678955078,163.80810546875,5.490818977355957,1.6981940269470215,27.376420974731445,23.17946434020996,0.09899000078439713,0.3671570122241974,0.8317880034446716
2021-05-30,1.577278971672058,16.534385681152344,663.5120239257812,325.7840270996094,35678.12890625,0.3022240102291107,20.473987579345703,66.36599731445312,2390.305419921875,26.86960220336914,170.9782257080078,6.218207836151123,1.8649380207061768,28.602659225463867,25.74251937866211,0.10757199674844742,0.37568798661231995,0.9066089987754822
2021-05-31,1.742777943611145,18.161319732666016,703.882568359375,354.329345703125,37332.85546875,0.3258099853992462,23.430927276611328,70.21820831298828,2714.9453125,32.088584899902344,188.03367614746094,6.563470840454102,1.8810240030288696,32.816246032714844,28.36971092224121,0.1261579990386963,0.4034070074558258,1.0465840101242065
2021-06-01,1.7347530126571655,17.773170471191406,691.4038696289062,362.7946472167969,36684.92578125,0.3700770139694214,22.81084632873535,67.78890228271484,2633.518310546875,30.699012756347656,182.98069763183594,6.303988933563232,1.8211640119552612,30.985260009765625,27.395233154296875,0.12071599811315536,0.41771000623703003,1.0110009908676147
2021-06-02,1.7528239488601685,18.677080154418945,697.9129638671875,401.2623291015625,37575.1796875,0.4233739972114563,25.957727432250977,68.39360046386719,2706.125,30.656301498413086,187.26397705078125,6.841399192810059,1.7958970069885254,33.95631790161133,27.631479263305664,0.12583400309085846,0.4190100133419037,1.024399995803833
2021-06-03,1.8404710292816162,20.24371337890625,718.4481811523438,427.80792236328125,39208.765625,0.39996299147605896,27.013458251953125,69.80142974853516,2855.12646484375,32.19055938720703,193.086181640625,7.672639846801758,1.8238459825515747,39.47090530395508,28.630809783935547,0.1426900029182434,0.42534300684928894,1.045320987701416
2021-06-04,1.710908055305481,18.247404098510742,671.13916015625,391.39532470703125,36894.40625,0.37632301449775696,25.008298873901367,64.88108825683594,2688.195068359375,28.87575340270996,178.87200927734375,6.385731220245361,1.631484031677246,37.415069580078125,26.442995071411133,0.12929700314998627,0.38503900170326233,0.970196008682251
2021-06-05,1.6590089797973633,17.250303268432617,649.4383544921875,390.4318542480469,35551.95703125,0.37217700481414795,23.816770553588867,63.140296936035156,2630.576904296875,27.12679672241211,173.02871704101562,6.0553460121154785,1.5273339748382568,39.58539962768555,25.60755157470703,0.12523199617862701,0.3753800094127655,0.9232860207557678
2021-06-06,1.6782480478286743,17.400110244750977,657.4957275390625,393.8202209472656,35862.37890625,0.3718070089817047,24.20159912109375,64.10669708251953,2715.0927734375,27.551576614379883,176.63943481445312,6.249195098876953,1.5834280252456665,42.30837631225586,25.9124813079834,0.1286270022392273,0.38125500082969666,0.945285975933075
2021-06-07,1.5641059875488281,15.522640228271484,596.077880859375,357.3102111816406,33560.70703125,0.33105000853538513,21.6269588470459,57.86178970336914,2590.26318359375,24.527210235595703,161.73280334472656,5.584114074707031,1.4801219701766968,38.262332916259766,24.195165634155273,0.1144229993224144,0.34623199701309204,0.8611549735069275
2021-06-08,1.5880299806594849,14.868940353393555,597.09228515625,354.0013732910156,33472.6328125,0.32768699526786804,21.745269775390625,56.907257080078125,2517.438720703125,24.174898147583008,161.16107177734375,5.619856834411621,1.485098958015442,41.51781463623047,23.53021812438965,0.11346700042486191,0.3505670130252838,0.8757879734039307
2021-06-09,1.6248259544372559,15.38689136505127,633.1434936523438,375.73468017578125,37345.12109375,0.3433310091495514,23.184938430786133,61.98173522949219,2608.26708984375,25.5693416595459,172.13865661621094,6.0163421630859375,1.4924269914627075,42.031776428222656,25.127302169799805,0.11998199671506882,0.3642910122871399,0.9200339913368225
2021-06-10,1.5318570137023926,14.176407814025879,602.8461303710938,352.1831970214844,36702.59765625,0.32635098695755005,22.684816360473633,57.94295120239258,2471.5185546875,23.100679397583008,168.20306396484375,6.136998176574707,1.3622050285339355,41.09867477416992,23.597158432006836,0.11185400187969208,0.33921000361442566,0.8691819906234741
2021-06-11,1.436378002166748,13.418978691101074,578.2715454101562,345.9336853027344,37334.3984375,0.3193590044975281,20.985857009887695,56.95616912841797,2353.768798828125,21.478967666625977,162.88052368164062,5.551538944244385,1.251965045928955,36.046085357666016,21.850969314575195,0.1048780009150505,0.31866100430488586,0.8484500050544739
2021-06-12,1.4802199602127075,13.55193042755127,580.5331420898438,343.74102783203125,35552.515625,0.31208398938179016,20.777036666870117,55.265533447265625,2372.484375,21.686546325683594,162.01486206054688,5.4975080490112305,1.3412690162658691,36.441688537597656,21.3225154876709,0.10603000223636627,0.3282969892024994,0.8326830267906189
2021-06-13,1.5583590269088745,14.775566101074219,614.3549194335938,366.6489562988281,39097.859375,0.3243820071220398,22.07633399963379,59.05662536621094,2508.3916015625,23.337600708007812,170.93087768554688,6.072099208831787,1.4692169427871704,38.77043533325195,23.274320602416992,0.1125440001487732,0.3447299897670746,0.8831599950790405
2021-06-14,1.5751099586486816,14.965835571289062,625.3695068359375,368.7927551269531,40218.4765625,0.3320850133895874,22.20535659790039,59.156742095947266,2537.89111328125,23.860898971557617,172.9490966796875,6.03755521774292,1.4778629541397095,38.71305465698242,23.407238006591797,0.11303599923849106,0.3483020067214966,0.8928970098495483
2021-06-15,1.597756028175354,15.18004322052002,639.20458984375,373.566162109375,40406.26953125,0.3283810019493103,24.760835647583008,59.37721633911133,2610.936767578125,26.084226608276367,178.659423828125,6.58910608291626,1.6914600133895874,41.153648376464844,24.18085289001465,0.11347600072622299,0.3438139855861664,0.8898000121116638
2021-06-16,1.4825730323791504,14.067678451538086,593.046630859375,347.033447265625,38347.0625,0.307761013507843,22.97217559814453,55.27223587036133,2367.66357421875,23.015077590942383,166.4589385986328,6.174939155578613,1.4771970510482788,39.703617095947266,21.832225799560547,0.10748600214719772,0.31737300753593445,0.8319079875946045
2021-06-17,1.482193946838379,14.832069396972656,599.35791015625,352.738525390625,38053.50390625,0.3064959943294525,22.51145362854004,55.53529739379883,2372.001953125,23.35679054260254,167.05569458007812,6.154644012451172,1.5037939548492432,39.264591217041016,22.154890060424805,0.10722000151872635,0.31756100058555603,0.8414379954338074
2021-06-18,1.415395975112915,13.627870559692383,563.2868041992188,336.8096923828125,35787.24609375,0.2934719920158386,21.398895263671875,52.545501708984375,2231.733154296875,21.211151123046875,156.3556365966797,5.917374134063721,1.3772610425949097,36.64879608154297,20.393360137939453,0.09946399927139282,0.29765599966049194,0.797648012638092
2021-06-19,1.390570044517517,13.45772933959961,554.896728515625,335.71282958984375,35615.87109375,0.2873559892177582,20.355941772460938,51.1483268737793,2178.4990234375,20.423982620239258,153.2954559326172,5.763191223144531,1.3636950254440308,35.35343551635742,19.91080665588379,0.0970819965004921,0.29079899191856384,0.7616729736328125
2021-06-20,1.4291880130767822,13.970991134643555,557.5296020507812,340.06719970703125,35698.296875,0.2809000015258789,20.67236328125,51.11225128173828,2246.364501953125,21.735416412353516,155.09259033203125,5.891520023345947,1.3989959955215454,35.32201385498047,20.8065128326416,0.09871900081634521,0.2976300120353699,0.7763770222663879
2021-06-21,1.1774799823760986,11.210616111755371,456.29345703125,270.98443603515625,31676.693359375,0.17869099974632263,15.769904136657715,39.42816925048828,1888.447509765625,17.424097061157227,124.78646087646484,4.842235088348389,1.0990519523620605,26.657400131225586,15.850638389587402,0.07371599972248077,0.23666700720787048,0.6103879809379578
2021-06-22,1.1532540321350098,10.526581764221191,443.78326416015625,261.8180847167969,32505.66015625,0.19103099405765533,14.652412414550781,36.52656936645508,1874.9500732421875,16.80649185180664,119.6026840209961,4.711923122406006,1.0743839740753174,26.7718563079834,16.38027572631836,0.07147099822759628,0.23463000357151031,0.5450670123100281
2021-06-23,1.2528959512710571,11.193946838378906,469.3756408691406,294.49029541015625,33723.02734375,0.23217399418354034,16.14249038696289,40.56602096557617,1989.736328125,18.387203216552734,128.67498779296875,5.252572059631348,1.1585869789123535,30.048887252807617,17.87169647216797,0.07576499879360199,0.2571749985218048,0.6265349984169006
2021-06-24,1.3560869693756104,11.482956886291504,486.2078857421875,308.39703369140625,34662.4375,0.2627820074558258,16.253658294677734,43.092899322509766,1988.456298828125,19.037357330322266,134.48460388183594,5.454391956329346,1.2031480073928833,31.181034088134766,18.05471420288086,0.08054500073194504,0.2677690088748932,0.671999990940094
2021-06-25,1.256477952003479,10.270669937133789,451.91815185546875,281.62091064453125,31637.779296875,0.23915299773216248,14.467696189880371,39.62571716308594,1813.21728515625,16.930967330932617,125.687744140625,5.06310510635376,1.0461629629135132,28.698862075805664,15.905190467834473,0.07238200306892395,0.24259400367736816,0.6133229732513428
2021-06-26,1.250440001487732,10.2755708694458,458.77618408203125,279.43804931640625,32186.27734375,0.24478399753570557,14.499611854553223,40.51564407348633,1829.2392578125,16.95522117614746,126.65725708007812,5.2019171714782715,1.0754530429840088,29.712854385375977,16.10042381286621,0.07384900003671646,0.2493090033531189,0.615435004234314
2021-06-27,1.3352019786834717,10.919079780578613,476.8872985839844,290.5670166015625,34649.64453125,0.2644500136375427,15.015593528747559,42.331085205078125,1978.8946533203125,18.344139099121094,132.34788513183594,5.400850772857666,1.1120330095291138,31.929391860961914,17.095666885375977,0.07783299684524536,0.25864800810813904,0.6469230055809021
2021-06-28,1.3247519731521606,11.286295890808105,500.6705627441406,289.53411865234375,34434.3359375,0.2568570077419281,15.740378379821777,43.329647064208984,2079.657470703125,18.773988723754883,137.370849609375,5.529632091522217,1.119223952293396,32.92778015136719,17.683860778808594,0.07924199849367142,0.26350799202919006,0.643746018409729
2021-06-29,1.3684370517730713,11.851420402526855,522.2713623046875,300.2115478515625,35867.77734375,0.26276901364326477,16.25337028503418,56.30165100097656,2160.768310546875,19.460010528564453,143.70291137695312,5.986422061920166,1.1672790050506592,33.86680221557617,18.554330825805664,0.08978299796581268,0.28081798553466797,0.7017250061035156
2021-06-30,1.383471965789795,11.955547332763672,526.2958374023438,303.2958679199219,35040.8359375,0.2542150020599365,16.40219497680664,57.6273078918457,2274.547607421875,19.497236251831055,144.13583374023438,6.522355079650879,1.1674280166625977,35.55640411376953,19.278358459472656,0.09060999751091003,0.28297799825668335,0.7063739895820618
2021-07-01,1.3356109857559204,11.22981071472168,498.1935729980469,288.2184143066406,33572.1171875,0.2445490062236786,15.278964042663574,53.23774337768555,2113.60546875,18.273292541503906,137.57752990722656,5.921539783477783,1.0773570537567139,33.40403366088867,17.870399475097656,0.08459900319576263,0.26974600553512573,0.6611800193786621
2021-07-02,1.3943970203399658,11.132654190063477,496.3497619628906,287.423095703125,33897.046875,0.2452639937400818,15.340773582458496,53.769508361816406,2150.040283203125,18.28356170654297,136.94369506835938,5.726226806640625,1.1036109924316406,34.02048110961914,18.24172592163086,0.08674299716949463,0.2634269893169403,0.6567630171775818
2021-07-03,1.4068360328674316,11.503907203674316,505.3199768066406,298.23712158203125,34668.546875,0.24641099572181702,15.553715705871582,56.83176040649414,2226.1142578125,18.538818359375,140.27969360351562,5.809141159057617,1.118638038635254,34.478816986083984,19.524757385253906,0.08738599717617035,0.26432400941848755,0.6728879809379578
2021-07-04,1.458184003829956,12.350099563598633,526.4296875,307.7320861816406,35287.78125,0.2464829981327057,16.014026641845703,56.24565887451172,2321.72412109375,19.26283836364746,144.90585327148438,5.973340034484863,1.1478650569915771,34.31060028076172,20.771873474121094,0.08780399709939957,0.26812800765037537,0.6949449777603149
2021-07-05,1.4048980474472046,12.026809692382812,505.0554504394531,302.37799072265625,33746.00390625,0.23161399364471436,15.23558235168457,53.68263244628906,2198.58251953125,18.37158966064453,138.0732421875,6.037942886352539,1.1016099452972412,32.984588623046875,20.09518051147461,0.08340799808502197,0.2544560134410858,0.6542999744415283
2021-07-06,1.4180530309677124,13.357434272766113,511.6671142578125,320.934814453125,34235.1953125,0.2344219982624054,16.143564224243164,54.71455383300781,2324.679443359375,20.08046531677246,138.9856414794922,6.530279159545898,1.1317859888076782,34.26913833618164,22.40018653869629,0.08452799916267395,0.2601900100708008,0.6654019951820374
2021-07-07,1.4031180143356323,13.089753150939941,508.8645324707031,327.5224609375,33855.328125,0.22412599623203278,16.857789993286133,52.810428619384766,2315.161865234375,19.764127731323242,137.3712158203125,7.090137004852295,1.128411054611206,36.59136962890625,22.23114585876465,0.08342800289392471,0.25694000720977783,0.6515750288963318
2021-07-08,1.3301459550857544,12.119664192199707,490.9910583496094,310.4271240234375,32877.37109375,0.20759700238704681,15.337747573852539,49.62429428100586,2120.0263671875,18.42205047607422,132.30850219726562,6.703923225402832,1.0433399677276611,33.20372772216797,20.400131225585938,0.07618899643421173,0.24342100322246552,0.623058021068573
2021-07-09,1.3494739532470703,12.544168472290039,504.06298828125,316.4845275878906,33798.01171875,0.21986399590969086,15.669268608093262,50.11837387084961,2146.6923828125,18.63038444519043,134.57159423828125,8.093796730041504,1.0513290166854858,33.2646484375,20.985469818115234,0.0768589973449707,0.24580200016498566,0.6368039846420288
2021-07-10,1.3360849618911743,12.025736808776855,497.4999694824219,316.14013671875,33520.51953125,0.213919997215271,15.290839195251465,49.17094802856445,2111.403564453125,18.207788467407227,133.98728942871094,7.895116806030273,1.02987802028656,31.788644790649414,20.2437744140625,0.07594899833202362,0.2453169971704483,0.6254630088806152
2021-07-11,1.3481450080871582,12.413664817810059,498.2137145996094,322.0316467285156,34240.1875,0.21585600078105927,15.48243522644043,49.690425872802734,2139.664794921875,18.363967895507812,134.24583435058594,8.422262191772461,1.0421520471572876,32.17784118652344,20.681039810180664,0.07762899994850159,0.24615700542926788,0.6359350085258484
2021-07-12,1.3150990009307861,12.186532974243164,480.8447570800781,316.32818603515625,33155.84765625,0.2080480009317398,14.873132705688477,47.8148078918457,2036.7210693359375,17.55035400390625,133.5381317138672,7.891665935516357,0.9969879984855652,30.848087310791016,19.587623596191406,0.07517199963331223,0.23925399780273438,0.6301779747009277
2021-07-13,1.2650829553604126,11.914669036865234,465.4149169921875,308.8111572265625,32702.025390625,0.2000029981136322,14.18964958190918,45.56703186035156,1940.083984375,16.866161346435547,131.32180786132812,7.103418827056885,0.9456639885902405,29.12118911743164,18.438556671142578,0.07288900017738342,0.23273999989032745,0.6195229887962341
2021-07-14,1.2622580528259277,11.792096138000488,467.7268371582031,309.4063720703125,32822.34765625,0.1973239928483963,13.799570083618164,45.66099548339844,1994.331298828125,16.945682525634766,131.06260681152344,6.918966770172119,0.9286959767341614,31.2810001373291,17.868684768676758,0.07256200164556503,0.24011600017547607,0.6203240156173706
2021-07-15,1.2231919765472412,11.349885940551758,454.63360595703125,315.2440185546875,31780.73046875,0.18488800525665283,13.08484935760498,43.16379928588867,1911.1756591796875,15.681652069091797,125.49156188964844,6.6125168800354,0.8767820000648499,28.45210075378418,16.996023178100586,0.0688449963927269,0.2409829944372177,0.5969409942626953
2021-07-16,1.1737149953842163,10.860897064208984,439.78277587890625,302.985595703125,31421.5390625,0.17234499752521515,12.053826332092285,41.26304626464844,1880.3829345703125,15.26286506652832,121.04105377197266,6.578952789306641,0.8126140236854553,26.37000846862793,16.408367156982422,0.06539600342512131,0.23642300069332123,0.5907739996910095
2021-07-17,1.172302007675171,10.927745819091797,437.03759765625,300.4979248046875,31533.068359375,0.1861249953508377,12.292176246643066,41.45195388793945,1898.8251953125,15.360055923461914,120.0270767211914,6.478758811950684,0.8014609813690186,26.721668243408203,16.106517791748047,0.06549599766731262,0.23300200700759888,0.582427978515625
2021-07-18,1.183698058128357,10.70465087890625,439.6506042480469,302.4804992675781,31796.810546875,0.18223300576210022,12.682146072387695,41.98915100097656,1895.5521240234375,15.502411842346191,119.51201629638672,6.496267795562744,0.7954570055007935,26.751909255981445,16.36115837097168,0.06755799800157547,0.23073799908161163,0.5879219770431519
2021-07-19,1.121116042137146,10.169768333435059,415.69140625,280.01861572265625,30817.83203125,0.17355599999427795,11.425251007080078,41.507572174072266,1817.296630859375,14.509061813354492,113.16480255126953,5.9539618492126465,0.7307279706001282,24.44757652282715,15.689140319824219,0.06165999919176102,0.21152299642562866,0.5575559735298157
2021-07-20,1.0562909841537476,9.650588035583496,399.57098388671875,264.7823791503906,29807.34765625,0.17080099880695343,10.98121166229248,39.39388656616211,1787.5107421875,13.775897026062012,107.39948272705078,5.8709821701049805,0.6901010274887085,23.48955535888672,14.599843978881836,0.05783100053668022,0.21239399909973145,0.5293359756469727
2021-07-21,1.168097972869873,10.420524597167969,430.4355163574219,292.5313720703125,32110.693359375,0.19034899771213531,12.305878639221191,42.8584098815918,1990.9708251953125,15.268477439880371,117.45989227294922,6.608770847320557,0.8880090117454529,26.623079299926758,16.679479598999023,0.06591399759054184,0.2278359979391098,0.569998025894165
2021-07-22,1.1861610412597656,10.828587532043457,442.82257080078125,293.6411437988281,32313.10546875,0.19130299985408783,13.161491394042969,43.405723571777344,2025.2027587890625,16.085718154907227,120.73579406738281,7.346724033355713,0.8805509805679321,27.70208168029785,17.59596824645996,0.0677189975976944,0.2635999917984009,0.5922060012817383
2021-07-23,1.206307053565979,11.099355697631836,455.7831726074219,299.2829895019531,33581.55078125,0.19476400315761566,13.397968292236328,45.7872200012207,2124.776611328125,16.51156234741211,124.2494125366211,7.925920009613037,0.9492300152778625,28.513879776000977,18.623628616333008,0.07097399979829788,0.2694590091705322,0.6092240214347839
2021-07-24,1.2334970235824585,11.17281723022461,460.14727783203125,302.0718688964844,34292.4453125,0.19731900095939636,13.805340766906738,49.48276138305664,2189.21875,16.70583152770996,126.18867492675781,8.486323356628418,0.9493250250816345,28.702619552612305,18.278602600097656,0.07231199741363525,0.26768600940704346,0.6098269820213318
2021-07-25,1.2285009622573853,11.2407865524292,456.024658203125,302.4361572265625,35350.1875,0.19786399602890015,13.712599754333496,48.462284088134766,2191.373779296875,16.759658813476562,127.59797668457031,8.253888130187988,0.9399430155754089,28.168773651123047,18.27025604248047,0.07427900284528732,0.2617419958114624,0.6063569784164429
2021-07-26,1.2584929466247559,11.492170333862305,482.88330078125,304.4782409667969,37337.53515625,0.20441900193691254,13.951711654663086,48.52608871459961,2233.36669921875,18.08965301513672,131.36248779296875,8.519877433776855,1.0178860425949097,28.306642532348633,18.568395614624023,0.07790400087833405,0.261478990316391,0.6256179809570312
2021-07-27,1.2784459590911865,11.91977310180664,502.295166015625,313.60260009765625,39406.94140625,0.20589900016784668,14.37607192993164,49.45442199707031,2298.33349609375,19.4996337890625,134.6178741455078,9.507802963256836,1.0398199558258057,28.065326690673828,18.882579803466797,0.08382999897003174,0.2631239891052246,0.6446040272712708
2021-07-28,1.2835040092468262,12.256926536560059,510.1445007324219,313.42864990234375,39995.90625,0.2053920030593872,14.538834571838379,49.1703987121582,2296.54541015625,19.0302734375,139.83660888671875,10.966312408447266,1.015442967414856,27.815410614013672,19.015607833862305,0.08256299793720245,0.2689340114593506,0.7254449725151062
2021-07-29,1.2840839624404907,12.41838264465332,538.3031616210938,316.74945068359375,40008.421875,0.20461900532245636,15.236948013305664,49.24817657470703,2380.956787109375,19.345849990844727,141.3212890625,11.044137001037598,1.025704026222229,31.281137466430664,19.542638778686523,0.08246199786663055,0.2722969949245453,0.7480170130729675
2021-07-30,1.3089519739151,13.002365112304688,552.7387084960938,322.90936279296875,42235.546875,0.20882099866867065,15.838522911071777,51.08884048461914,2466.96142578125,22.315961837768555,145.7750244140625,10.845376968383789,1.0694069862365723,32.393943786621094,20.97228240966797,0.08584599941968918,0.27942100167274475,0.7521190047264099
2021-07-31,1.3223450183868408,13.591609001159668,547.8032836914062,333.5495910644531,41626.1953125,0.20831400156021118,16.847204208374023,51.415771484375,2536.2099609375,22.75370216369629,144.93321228027344,10.757214546203613,1.0826489925384521,36.82731246948242,21.811683654785156,0.08958599716424942,0.28569701313972473,0.7477859854698181
2021-08-01,1.3177299499511719,12.877431869506836,527.8416137695312,333.4840087890625,39974.89453125,0.2044370025396347,18.413965225219727,50.41701126098633,2561.85205078125,22.12683868408203,140.73553466796875,11.928194046020508,1.052474021911621,34.25436019897461,22.032346725463867,0.08591700345277786,0.27617698907852173,0.7259219884872437
2021-08-02,1.3100680112838745,13.006891250610352,543.9884643554688,331.1031188964844,39201.9453125,0.20360000431537628,18.017284393310547,51.373199462890625,2610.1533203125,23.480348587036133,141.50550842285156,12.329427719116211,1.04818594455719,33.22241973876953,22.40984535217285,0.08617199957370758,0.2746089994907379,0.7392200231552124
2021-08-03,1.3650259971618652,12.533293724060059,536.9937133789062,322.74774169921875,38152.98046875,0.19596700370311737,17.33682632446289,49.37057113647461,2502.349609375,23.875957489013672,138.2908477783203,14.719024658203125,1.0187950134277344,33.99644088745117,21.27823257446289,0.08493699878454208,0.2741680145263672,0.7127289772033691
2021-08-04,1.3765640258789062,13.679924964904785,545.9660034179688,334.9187927246094,39747.50390625,0.20148999989032745,19.16309356689453,51.61177062988281,2724.619873046875,24.188875198364258,142.623046875,14.51312255859375,1.0526820421218872,35.76362609863281,23.526203155517578,0.08841300010681152,0.28036800026893616,0.7304880023002625
2021-08-05,1.386144995689392,13.834280967712402,548.59814453125,337.8738708496094,40869.5546875,0.2009740024805069,19.13237190246582,52.46417999267578,2827.328857421875,24.050495147705078,143.43597412109375,14.554635047912598,1.0649449825286865,37.35513687133789,25.440156936645508,0.0908219963312149,0.2804180085659027,0.7331510186195374
2021-08-06,1.401785969734192,14.725431442260742,556.4429321289062,342.1369934082031,42816.5,0.20468799769878387,20.400678634643555,52.99591064453125,2890.941650390625,23.85933494567871,147.8009490966797,14.498414039611816,1.0808219909667969,39.446102142333984,26.160932540893555,0.09630600363016129,0.28474900126457214,0.7465130090713501
2021-08-07,1.4706770181655884,15.761190414428711,583.125732421875,355.7413635253906,44555.80078125,0.26034098863601685,20.96709442138672,60.53585433959961,3157.23876953125,24.63165283203125,155.86477661132812,14.588269233703613,1.166139006614685,39.403472900390625,28.185483932495117,0.10353200137615204,0.30625900626182556,0.8162810206413269
2021-08-08,1.4278299808502197,14.814119338989258,556.0963134765625,342.06475830078125,43798.1171875,0.2400449961423874,19.676132202148438,57.159027099609375,3013.732666015625,23.045608520507812,149.8477325439453,13.414520263671875,1.0809069871902466,37.673824310302734,26.722593307495117,0.10128699988126755,0.28733599185943604,0.7787389755249023
2021-08-09,1.4776400327682495,16.2318058013916,592.4888305664062,354.9668273925781,46365.40234375,0.2568970024585724,20.6209716796875,59.15611267089844,3167.856201171875,24.287246704101562,166.516357421875,13.969467163085938,1.127634048461914,38.767784118652344,28.402530670166016,0.1060279980301857,0.2991879880428314,0.8185529708862305
2021-08-10,1.6725660562515259,16.44843864440918,592.3838500976562,371.9543762207031,45585.03125,0.2573249936103821,20.608009338378906,58.87055969238281,3141.691162109375,24.566286087036133,165.46041870117188,16.74758529663086,1.1575889587402344,40.63979721069336,28.7582950592041,0.10630600154399872,0.3100169897079468,0.8512470126152039
2021-08-11,1.7980380058288574,16.74867820739746,621.1851196289062,391.7570495605469,45593.63671875,0.26526299118995667,21.402421951293945,60.896934509277344,3164.2451171875,25.9465389251709,170.93594360351562,17.0195369720459,1.373568058013916,41.74411392211914,29.000503540039062,0.11128400266170502,0.3378579914569855,1.0125240087509155
2021-08-12,1.8238780498504639,16.569053649902344,605.0075073242188,385.8189697265625,44428.2890625,0.26392099261283875,20.754806518554688,59.97803497314453,3043.414306640625,24.917234420776367,165.1310272216797,16.568950653076172,1.3210190534591675,41.099361419677734,28.047378540039062,0.10698500275611877,0.3273389935493469,0.9645490050315857
2021-08-13,2.1360790729522705,18.04875373840332,653.95849609375,410.94488525390625,47793.3203125,0.2868080139160156,22.714149475097656,64.23680114746094,3322.211669921875,27.733137130737305,183.2860870361328,17.801057815551758,1.513185977935791,44.894500732421875,30.574594497680664,0.12071099877357483,0.36008501052856445,1.089959979057312
2021-08-14,2.1916871070861816,18.067649841308594,689.1148681640625,409.03448486328125,47096.9453125,0.29311299324035645,22.861026763916016,67.08282470703125,3265.443359375,27.15542221069336,182.71127319335938,17.402936935424805,1.4417589902877808,44.112850189208984,30.137561798095703,0.1301479935646057,0.39504900574684143,1.280411958694458
2021-08-15,2.1691529750823975,18.795135498046875,703.1863403320312,414.59503173828125,47047.00390625,0.34144100546836853,23.17401695251465,74.8968505859375,3310.504150390625,27.90401268005371,184.904296875,19.28481674194336,1.466439962387085,53.74515914916992,30.252153396606445,0.13915200531482697,0.3916090130805969,1.288159966468811
2021-08-16,2.0794169902801514,19.18263053894043,675.8545532226562,417.4708557128906,46004.484375,0.3207150101661682,24.535856246948242,69.3863296508789,3156.509521484375,28.084339141845703,178.8544921875,22.000459671020508,1.4275130033493042,62.432464599609375,29.203548431396484,0.1294569969177246,0.373214989900589,1.1909929513931274
2021-08-17,1.9266010522842407,23.529998779296875,638.80126953125,401.9089050292969,44695.359375,0.29944199323654175,23.533639907836914,62.945003509521484,3014.845947265625,26.15813636779785,168.84263610839844,25.23495864868164,1.3517589569091797,64.21070861816406,26.419477462768555,0.11812999844551086,0.34165000915527344,1.0981990098953247
2021-08-18,2.108560085296631,29.89081382751465,634.432861328125,398.25146484375,44801.1875,0.3037390112876892,23.948135375976562,64.05302429199219,3020.08984375,25.512895584106445,167.3966064453125,30.841764450073242,1.3385469913482666,72.5433120727539,26.58272933959961,0.11980599910020828,0.3428579866886139,1.14609694480896
2021-08-19,2.4281399250030518,30.634273529052734,658.8883056640625,430.9888610839844,46717.578125,0.3171440064907074,26.548627853393555,66.99541473388672,3182.7021484375,27.064760208129883,175.493408203125,29.3968563079834,1.4692679643630981,72.75760650634766,27.957237243652344,0.13016900420188904,0.3670960068702698,1.232841968536377
2021-08-20,2.4577019214630127,39.185302734375,693.681640625,454.9363098144531,49339.17578125,0.32749098539352417,28.146953582763672,70.0315170288086,3286.935302734375,28.701841354370117,183.62852478027344,30.652450561523438,1.5527429580688477,78.72461700439453,28.867103576660156,0.13324099779129028,0.3852899968624115,1.2632219791412354
2021-08-21,2.4354350566864014,43.78691101074219,676.0634155273438,448.9202575683594,48905.4921875,0.3167969882488251,27.873336791992188,67.53763580322266,3226.083984375,27.861591339111328,179.73614501953125,27.551191329956055,1.5849740505218506,73.75621032714844,28.248825073242188,0.1280820071697235,0.3717789947986603,1.2164729833602905
2021-08-22,2.7137250900268555,43.53219985961914,672.6182861328125,449.0534973144531,49321.65234375,0.3149630129337311,27.736873626708984,67.51551818847656,3242.115478515625,28.022817611694336,186.31309509277344,28.033279418945312,1.626175045967102,72.80391693115234,28.42609977722168,0.12829099595546722,0.37310901284217834,1.2277220487594604
2021-08-23,2.917386054992676,46.450531005859375,677.7103271484375,499.8905944824219,49546.1484375,0.3179140090942383,27.89130973815918,68.2385025024414,3319.25732421875,28.554101943969727,187.10643005371094,29.916851043701172,1.624295949935913,75.70803833007812,28.785572052001953,0.13159599900245667,0.3787040114402771,1.2472699880599976
2021-08-24,2.7210910320281982,55.34585189819336,637.4052734375,471.595458984375,47706.1171875,0.28873899579048157,25.081445693969727,62.90885543823242,3172.456298828125,25.752197265625,173.57681274414062,29.671165466308594,1.4747469425201416,70.67090606689453,26.64594841003418,0.12138599902391434,0.3507539927959442,1.1373519897460938
2021-08-25,2.7381319999694824,46.1151237487793,649.3145141601562,502.7862548828125,48960.7890625,0.29222598671913147,25.935373306274414,63.64595413208008,3224.915283203125,26.520479202270508,177.6032257080078,29.989593505859375,1.5259510278701782,71.95156860351562,27.023340225219727,0.12728600203990936,0.3585039973258972,1.1725289821624756
2021-08-26,2.5355279445648193,41.420753479003906,607.3994750976562,479.006103515625,46942.21875,0.2689090073108673,23.981494903564453,59.78713607788086,3100.325439453125,24.426326751708984,168.08558654785156,27.009300231933594,1.3777389526367188,75.31620788574219,25.562664031982422,0.1160300001502037,0.33631399273872375,1.0752660036087036
2021-08-27,2.944196939468384,50.077789306640625,635.2657470703125,494.4986877441406,49058.66796875,0.29443299770355225,26.569753646850586,64.12274932861328,3270.600830078125,26.018299102783203,175.98440551757812,32.66126251220703,1.5154930353164673,88.08698272705078,27.36817741394043,0.1281139999628067,0.35721901059150696,1.1884729862213135
2021-08-28,2.847490072250366,50.19713592529297,647.2998046875,486.1969299316406,48902.40234375,0.285629004240036,25.96674156188965,64.23880767822266,3244.4033203125,25.729089736938477,175.45408630371094,34.959205627441406,1.4579119682312012,96.70317077636719,26.8166446685791,0.12311899662017822,0.34785398840904236,1.1455049514770508
2021-08-29,2.8559861183166504,47.50910568237305,660.1724853515625,480.28302001953125,48829.83203125,0.281125009059906,25.73291778564453,63.441280364990234,3227.002685546875,25.813661575317383,174.7042236328125,33.331241607666016,1.4207819700241089,94.46967315673828,26.81300926208496,0.12358999997377396,0.3437409996986389,1.1408319473266602
2021-08-30,2.7331600189208984,41.325077056884766,631.6580200195312,459.4907531738281,47054.984375,0.2721250057220459,26.044719696044922,61.77245330810547,3224.374267578125,24.980934143066406,167.42466735839844,33.468238830566406,1.3139029741287231,110.54480743408203,26.777944564819336,0.11699900031089783,0.3293150067329407,1.1014349460601807
2021-08-31,2.772475004196167,39.48735046386719,636.7659912109375,464.4187316894531,47166.6875,0.27845299243927,31.470020294189453,63.928409576416016,3433.732666015625,26.750707626342773,171.6592254638672,31.56235694885254,1.338104009628296,108.48377227783203,29.42051887512207,0.12308400124311447,0.3407680094242096,1.1875929832458496
2021-09-01,2.870767116546631,41.931602478027344,656.8170776367188,490.0687255859375,48847.02734375,0.29440099000930786,33.13948059082031,68.96638488769531,3834.828125,29.73518180847168,180.97216796875,31.662614822387695,1.471418023109436,111.03300476074219,31.29646873474121,0.13753600418567657,0.3538439869880676,1.234889030456543
2021-09-02,2.963438034057617,47.755916595458984,664.8388671875,483.9210510253906,49327.72265625,0.29595500230789185,31.814712524414062,67.74181365966797,3790.989990234375,29.985244750976562,183.61724853515625,32.86503982543945,1.4467209577560425,128.10238647460938,29.983781814575195,0.14326800405979156,0.3605929911136627,1.256324052810669
2021-09-03,2.9682390689849854,45.91118240356445,712.818359375,488.6047058105469,50025.375,0.29627299308776855,33.67427444458008,69.95877838134766,3940.61474609375,30.784265518188477,212.96597290039062,31.741863250732422,1.4592169523239136,146.5830535888672,28.66644859313965,0.14333100616931915,0.3689030110836029,1.2914350032806396
2021-09-04,2.8328070640563965,47.143165588378906,709.5724487304688,498.07843017578125,49944.625,0.29938799142837524,32.41751480102539,68.86050415039062,3887.828369140625,29.897823333740234,212.35845947265625,31.406158447265625,1.7339099645614624,139.11306762695312,28.615150451660156,0.14496099948883057,0.3703010082244873,1.2557790279388428
2021-09-05,2.9108240604400635,48.178924560546875,764.1975708007812,504.619873046875,51753.41015625,0.3145270049571991,34.408790588378906,73.59529876708984,3952.133544921875,33.5034294128418,231.333984375,34.486785888671875,1.679481029510498,142.0708770751953,29.364463806152344,0.1539440006017685,0.3973909914493561,1.3054980039596558
2021-09-06,2.831897020339966,47.04298782348633,784.366455078125,495.9250183105469,52633.53515625,0.3087649941444397,34.31120300292969,73.58012390136719,3928.37939453125,34.78485870361328,219.52577209472656,32.35395050048828,1.64382803440094,164.38092041015625,28.856008529663086,0.14963500201702118,0.42343199253082275,1.3894129991531372
2021-09-07,2.502490997314453,37.59894943237305,672.2505493164062,417.5087890625,46811.12890625,0.2537440061569214,27.82574462890625,59.186973571777344,3426.394287109375,28.11425018310547,178.11439514160156,27.789936065673828,1.3542020320892334,173.14892578125,24.24998664855957,0.12240099906921387,0.33428698778152466,1.1250989437103271
2021-09-08,2.4749889373779297,37.05140686035156,662.1929931640625,415.1131591796875,46091.390625,0.2571130096912384,27.70879364013672,58.61783981323242,3497.315185546875,27.15100860595703,179.72467041015625,29.426498413085938,1.333335041999817,191.04139709472656,23.177143096923828,0.11872299760580063,0.3295390009880066,1.1007200479507446
2021-09-09,2.5176661014556885,40.772613525390625,661.2267456054688,421.27001953125,46391.421875,0.252595990896225,29.835569381713867,58.92979049682617,3427.340087890625,27.978628158569336,180.37680053710938,30.511926651000977,1.3671890497207642,188.19580078125,23.309484481811523,0.12159000337123871,0.33229899406433105,1.0894010066986084
2021-09-10,2.385910987854004,49.18913650512695,629.4200439453125,401.6217956542969,44883.91015625,0.2399819940328598,29.215356826782227,56.37652587890625,3211.505859375,26.387523651123047,174.29603576660156,43.5446662902832,1.304479956626892,179.865234375,22.31696891784668,0.1123490035533905,0.31745201349258423,1.0572669506072998
2021-09-11,2.6339499950408936,57.16424560546875,635.8800659179688,405.5273742675781,45201.45703125,0.24143199622631073,31.594602584838867,57.1356201171875,3270.278076171875,27.041149139404297,178.68856811523438,39.09306716918945,1.3154699802398682,178.8678741455078,22.749895095825195,0.11553800106048584,0.32527899742126465,1.0799059867858887
2021-09-12,2.5817270278930664,59.259429931640625,647.3294677734375,416.6832275390625,46063.26953125,0.25061699748039246,35.77433776855469,58.17897033691406,3410.134521484375,29.379243850708008,183.23448181152344,39.22871780395508,1.3297380208969116,174.53762817382812,23.688823699951172,0.12005700170993805,0.3331559896469116,1.119636058807373
2021-09-13,2.400662899017334,53.11015319824219,615.1316528320312,399.0634460449219,44963.07421875,0.23590600490570068,34.76799011230469,55.7854118347168,3285.51171875,26.918481826782227,179.48394775390625,37.19157409667969,1.2476099729537964,169.26954650878906,22.6566162109375,0.11222200095653534,0.3192789852619171,1.0646779537200928
2021-09-14,2.3956379890441895,51.57811737060547,639.9652099609375,414.2362365722656,47092.4921875,0.24070900678634644,37.37580108642578,57.113487243652344,3429.169677734375,30.746164321899414,183.13906860351562,35.66656494140625,1.316789984703064,158.09481811523438,25.65300941467285,0.11751700192689896,0.33108898997306824,1.0965739488601685
2021-09-15,2.5016350746154785,57.62539291381836,652.4776611328125,431.42303466796875,48176.34765625,0.24769699573516846,36.46339416503906,59.18857955932617,3615.28271484375,30.779600143432617,189.23941040039062,36.689205169677734,1.4163730144500732,159.1173858642578,27.464513778686523,0.12216199934482574,0.3414750099182129,1.121353030204773
2021-09-16,2.420969009399414,67.84269714355469,639.5713500976562,424.64923095703125,47783.359375,0.24255500733852386,35.547550201416016,58.05618667602539,3571.294921875,29.82655143737793,185.53807067871094,37.52246856689453,1.383579969406128,152.47406005859375,26.274017333984375,0.11663799732923508,0.3306120038032532,1.0914980173110962
2021-09-17,2.346419095993042,69.93401336669922,620.557861328125,406.6328125,47267.51953125,0.23993000388145447,33.021385192871094,56.66257858276367,3398.538818359375,27.694597244262695,179.68408203125,34.42565155029297,1.422435998916626,147.5930633544922,24.28819465637207,0.1114720031619072,0.3195509910583496,1.0655980110168457
2021-09-18,2.3699779510498047,69.01238250732422,630.2152709960938,410.8092956542969,48278.36328125,0.24138599634170532,34.89886474609375,57.28502655029297,3432.018310546875,28.39057731628418,181.30886840820312,34.78163146972656,1.3662420511245728,169.18421936035156,24.54183578491211,0.11296699941158295,0.3225019872188568,1.0756679773330688
2021-09-19,2.282299041748047,70.07572174072266,609.2835083007812,408.4716491699219,47260.21875,0.23314200341701508,33.801334381103516,55.33708572387695,3329.447998046875,27.395748138427734,175.7406005859375,32.962181091308594,1.31454598903656,152.51669311523438,23.92476463317871,0.10808199644088745,0.31418299674987793,1.0484280586242676
2021-09-20,2.0639889240264893,56.67792892456055,540.8760986328125,361.9659118652344,42843.80078125,0.20707100629806519,28.051830291748047,48.92726516723633,2958.993408203125,23.43109893798828,156.46401977539062,27.217382431030273,1.1263760328292847,132.13446044921875,20.762800216674805,0.09088599681854248,0.28092798590660095,0.9171519875526428
2021-09-21,1.9870280027389526,59.017356872558594,504.0189514160156,344.53460693359375,40693.67578125,0.2010270059108734,26.31650161743164,45.773006439208984,2764.43115234375,21.432621002197266,148.38987731933594,25.152347564697266,1.046900987625122,123.95039367675781,19.036571502685547,0.08612000197172165,0.26632198691368103,0.8763290047645569
2021-09-22,2.2661819458007812,74.1870346069336,547.6450805664062,379.4403381347656,43574.5078125,0.22485800087451935,31.611772537231445,51.31754684448242,3077.867919921875,24.493072509765625,161.41200256347656,33.273799896240234,1.231153964996338,147.92425537109375,21.637622833251953,0.09895399957895279,0.29330599308013916,1.0040760040283203
2021-09-23,2.3309409618377686,76.41905975341797,552.3037719726562,383.8204040527344,44895.09765625,0.22483199834823608,33.54473876953125,51.38216781616211,3155.523681640625,25.453983306884766,163.81834411621094,36.20280075073242,1.2255940437316895,149.75357055664062,21.530466079711914,0.10213100165128708,0.3032209873199463,1.0020400285720825
2021-09-24,2.281269073486328,72.40190124511719,513.6057739257812,355.3162841796875,42839.75,0.20945100486278534,30.842344284057617,47.708351135253906,2931.669189453125,23.280738830566406,152.2317352294922,40.20151138305664,1.1289069652557373,139.39564514160156,19.671728134155273,0.0926079973578453,0.28174200654029846,0.9459239840507507
2021-09-25,2.3015410900115967,68.38166046142578,517.8965454101562,349.8800964355469,42716.59375,0.208639994263649,29.843185424804688,47.42913055419922,2925.565673828125,24.52366065979004,151.18145751953125,37.90815353393555,1.1222749948501587,136.17892456054688,19.50146484375,0.09025400131940842,0.2775779962539673,0.9413419961929321
2021-09-26,2.2084949016571045,66.86196899414062,503.66741943359375,344.1817626953125,43208.5390625,0.20496200025081635,28.828662872314453,47.1963005065918,3062.265380859375,24.602155685424805,150.640869140625,34.64458084106445,1.12301504611969,135.69937133789062,24.029178619384766,0.09141399711370468,0.2761650085449219,0.944720983505249
2021-09-27,2.1359050273895264,66.50875854492188,489.0119323730469,336.19122314453125,42235.73046875,0.20026199519634247,27.772104263305664,45.466827392578125,2934.138916015625,23.06629753112793,145.34957885742188,36.90671920776367,1.0866930484771729,136.72842407226562,22.445222854614258,0.08676300197839737,0.2658340036869049,0.9236850142478943
2021-09-28,2.0391390323638916,61.51771926879883,474.5220031738281,333.0325927734375,41034.54296875,0.1968040019273758,26.33382797241211,45.035667419433594,2807.296630859375,22.101900100708008,140.5971221923828,33.16389083862305,1.0503549575805664,131.53721618652344,23.05898666381836,0.08191300183534622,0.256740003824234,0.893688976764679
2021-09-29,2.065687894821167,65.52000427246094,485.41998291015625,367.9895935058594,41564.36328125,0.19887599349021912,27.274255752563477,45.59587478637695,2853.143310546875,22.880529403686523,144.9186248779297,34.186187744140625,1.0994160175323486,135.35145568847656,23.049686431884766,0.08467499911785126,0.270253986120224,0.9283490180969238
2021-09-30,2.1144518852233887,66.76588439941406,502.5036315917969,387.0573425292969,43790.89453125,0.204244002699852,28.58061981201172,46.976051330566406,3001.678955078125,23.98634910583496,153.1479949951172,38.6016731262207,1.1271090507507324,141.0690460205078,23.527053833007812,0.09512700140476227,0.2788110077381134,0.9526360034942627
2021-10-01,2.258126974105835,67.57039642333984,543.302734375,421.6431884765625,48116.94140625,0.22301000356674194,31.96877670288086,51.923728942871094,3307.51611328125,26.297439575195312,166.1322021484375,37.73747634887695,1.2661950588226318,161.682373046875,25.63608169555664,0.10809800028800964,0.30039098858833313,1.0426239967346191
2021-10-02,2.2514588832855225,69.22048950195312,552.6283569335938,428.09832763671875,47711.48828125,0.21913300454616547,32.122108459472656,53.39030075073242,3391.6943359375,26.94674301147461,169.25892639160156,41.47689437866211,1.296617031097412,169.093017578125,26.178560256958008,0.11145099997520447,0.3169749975204468,1.0386749505996704
2021-10-03,2.252872943878174,68.717041015625,570.4993286132812,430.5088195800781,48199.953125,0.2217479944229126,32.105255126953125,53.71692657470703,3418.358642578125,27.559040069580078,170.60997009277344,42.742488861083984,1.3253790140151978,172.5891571044922,26.00412940979004,0.11049400269985199,0.31509700417518616,1.0551700592041016
2021-10-04,2.189234972000122,65.15984344482422,551.5970458984375,425.7489013671875,49112.90234375,0.2408519983291626,31.042125701904297,52.514869689941406,3380.089111328125,26.559356689453125,167.54014587402344,46.723358154296875,1.2719099521636963,166.73191833496094,25.303266525268555,0.109265998005867,0.30965501070022583,1.043004035949707
2021-10-05,2.233124017715454,64.65011596679688,594.0425415039062,442.7061462402344,51514.8125,0.25201600790023804,31.427457809448242,54.40898513793945,3518.5185546875,27.24262809753418,173.89108276367188,44.70867156982422,1.3145439624786377,164.11582946777344,25.664791107177734,0.11336699873209,0.3190839886665344,1.0855029821395874
2021-10-06,2.2121551036834717,60.11407470703125,618.7408447265625,435.4013671875,55361.44921875,0.2551339864730835,32.28961181640625,54.899742126464844,3580.56201171875,26.83726692199707,178.70567321777344,41.948692321777344,1.2576429843902588,154.1077423095703,25.287689208984375,0.11232300102710724,0.3544420003890991,1.0776560306549072
2021-10-07,2.2769949436187744,61.48835372924805,612.15673828125,438.7617492675781,53805.984375,0.24292300641536713,33.97454833984375,54.31053924560547,3587.974853515625,26.834035873413086,178.771728515625,46.54294967651367,1.2765079736709595,154.28118896484375,25.535184860229492,0.11168999969959259,0.3441070020198822,1.0680259466171265
2021-10-08,2.237175941467285,60.520225524902344,595.7726440429688,419.10205078125,53967.84765625,0.24385100603103638,33.372894287109375,53.66653823852539,3563.75927734375,26.40096092224121,175.97238159179688,43.28617858886719,1.3440279960632324,158.94920349121094,24.76791000366211,0.1115259975194931,0.3358120024204254,1.0628910064697266
2021-10-09,2.2666149139404297,60.56625747680664,614.4834594726562,421.5494689941406,54968.22265625,0.24659599363803864,36.3274040222168,55.594398498535156,3575.716796875,27.417076110839844,179.65866088867188,42.47336196899414,1.351140022277832,156.82583618164062,25.13216781616211,0.11817599833011627,0.3528690040111542,1.1599260568618774
2021-10-10,2.197213888168335,56.59357452392578,586.6426391601562,405.0693054199219,54771.578125,0.22980499267578125,34.4664192199707,53.04412841796875,3425.852783203125,25.648935317993164,175.31857299804688,39.37347412109375,1.248175024986267,148.0487060546875,24.25234031677246,0.11091600358486176,0.33251699805259705,1.1384530067443848
2021-10-11,2.173388957977295,55.30461120605469,601.8111572265625,413.4562072753906,57484.7890625,0.23150299489498138,34.18463134765625,54.022727966308594,3545.35400390625,25.25881576538086,179.42605590820312,39.210147857666016,1.24372398853302,144.85813903808594,24.15532684326172,0.10928399860858917,0.3445560038089752,1.137887954711914
2021-10-12,2.119189977645874,54.35797119140625,587.449462890625,443.8675231933594,56041.05859375,0.22624200582504272,35.159767150878906,52.78189468383789,3492.5732421875,24.623647689819336,172.79776000976562,37.59783172607422,1.2238709926605225,152.73712158203125,23.46637725830078,0.10680299997329712,0.3331409990787506,1.1018589735031128
2021-10-13,2.1890530586242676,55.152488708496094,594.5084838867188,470.74969482421875,57401.09765625,0.23257200419902802,41.6169319152832,53.39188003540039,3606.20166015625,25.61174964904785,177.62832641601562,36.61662292480469,1.2411179542541504,148.17604064941406,24.674861907958984,0.11541199684143066,0.3676629960536957,1.128391981124878
2021-10-14,2.170362949371338,56.08110427856445,597.6168212890625,472.02239990234375,57321.5234375,0.23227299749851227,40.75510025024414,54.44011688232422,3786.01416015625,26.647485733032227,180.11839294433594,37.15126037597656,1.2630540132522583,149.75680541992188,26.401269912719727,0.11892800033092499,0.36932599544525146,1.132315993309021
2021-10-15,2.214651107788086,56.2510871887207,624.5038452148438,473.70263671875,61593.94921875,0.23378199338912964,43.15711212158203,54.32619094848633,3862.634765625,26.94454574584961,188.8141326904297,36.949493408203125,1.583204984664917,162.59620666503906,25.849355697631836,0.11967899650335312,0.3614340126514435,1.1405500173568726
2021-10-16,2.226522445678711,56.73460388183594,632.436279296875,474.6398620605469,61588.75,0.23851576447486877,44.00279998779297,54.582489013671875,3843.344970703125,27.32683753967285,190.55393981933594,37.2606086730957,1.5009701251983643,159.50791931152344,26.061132431030273,0.1199239045381546,0.37308934330940247,1.1422168016433716
