ADA,AVAX,BCH,BNB,BTC,DOGE,DOT1,ETC,ETH,LINK,LTC,LUNA1,MATIC,SOL1,UNI3,VET,XLM,XRP
0.081753999,5.234632015,220.0342255,24.10074043,10538.45996,0.002656,4.174462795,4.970046997,344.5031738,8.764184952,44.54504776,0.300502002,0.019647,2.915518999,3.905138016,0.012363,0.071987003,0.233417004
0.07683,3.521811962,208.1651306,22.87267876,10225.86426,0.002564,4.027708054,4.87906599,320.5855408,7.685820103,43.04205704,0.290726006,0.017732,2.846996069,4.357082844,0.011393,0.067777999,0.221656993
0.082895003,4.578369141,216.6938629,24.62203407,10745.54883,0.002644,4.382960796,5.022540092,349.3566589,9.833250999,44.96100616,0.302792013,0.018990999,3.151376963,5.139447212,0.012399,0.070630997,0.233017996
0.096909001,4.711471081,216.6597137,24.67837906,10702.29004,0.002706,4.423528194,5.013247013,352.1618652,10.71544456,46.00873566,0.324101001,0.019171,3.191359043,5.015684128,0.012898,0.074667998,0.241805002
0.095550001,4.541182041,221.8778381,26.23844147,10754.4375,0.002708,4.334268093,5.391321182,354.965271,10.33521461,46.13122559,0.316011995,0.018920001,3.139166117,4.800911903,0.012884,0.074221998,0.242368996
0.101205997,4.644225121,229.0739746,26.23986626,10774.42676,0.002701,4.302318096,5.464519024,357.3216858,10.77376366,46.01044083,0.312635005,0.018748,3.157870054,4.777029991,0.012741,0.073628999,0.243251994
0.100695997,4.206296921,226.3510132,26.98469353,10721.32715,0.002658,4.401093006,5.430210114,354.9505005,10.31758785,45.27067184,0.323103011,0.018936001,2.957844973,4.185194969,0.012845,0.073706001,0.242051005
0.101135999,4.142106056,229.2359467,28.85282516,10848.83008,0.002681,4.500072956,5.421401978,359.9634094,10.11119747,45.69805908,0.333463013,0.019675,2.952577114,4.440886974,0.013186,0.074424997,0.243138999
0.101145998,4.325939178,228.1009216,29.33098221,10787.61816,0.002642,4.353696823,5.405889988,360.0223694,9.857670784,46.28403854,0.334508002,0.020148,2.900069952,4.15993309,0.01353,0.074969999,0.242311001
0.097878002,4.15593195,228.1578674,27.47075462,10623.33008,0.002615,4.346024036,5.342927933,353.2312927,9.64744854,46.2831459,0.318232,0.01897,2.866904974,4.268764019,0.012738,0.073403999,0.238361001
0.097686999,3.992968082,222.385849,28.65879822,10804.00098,0.002627,4.170382977,5.119501114,354.2770996,9.646208763,46.3793869,0.311215997,0.018838,2.658379078,3.430521965,0.011395,0.073555999,0.250896007
0.092909001,3.544228077,220.4437561,27.76723671,10621.66406,0.00261,3.75564909,5.249242783,341.0211487,8.780579567,46.02378082,0.294919014,0.017201999,2.174531937,2.882009029,0.010134,0.072645001,0.245859995
0.093935996,3.460685968,223.5558472,27.75889587,10679.13672,0.0026,3.859263897,5.188158989,342.1197815,8.982042313,46.67470932,0.30320701,0.016982,2.30458498,2.970984936,0.011279,0.072595999,0.249041006
0.096242003,3.909959078,233.9446716,27.74929619,10923.62793,0.002603,4.117291927,5.192152023,351.455658,9.547591209,47.23840332,0.301555991,0.016643999,2.373238087,3.300523043,0.011012,0.073320001,0.251614988
0.105025001,4.026704788,237.3235168,28.31248665,11296.36133,0.002655,4.25295496,5.302433014,370.9675903,10.52479267,48.9210968,0.308088005,0.017207,2.406090021,3.331526995,0.011407,0.077372998,0.254290015
0.106537998,4.095879078,239.6698456,28.55558014,11384.18164,0.002674,4.262162209,5.437757015,375.1420593,10.84740734,50.72790146,0.321258008,0.017855,2.426578045,3.387239933,0.011447,0.077229001,0.255719006
0.107297003,4.150055885,259.1334839,30.91211891,11429.50684,0.002637,4.199113846,5.381024837,379.4840393,10.94910908,49.84648895,0.320308,0.017235,2.314635038,3.082022905,0.011147,0.074282996,0.249448001
0.106634997,4.127353191,261.3847351,31.29586411,11495.34961,0.002593,4.096810818,5.330965996,377.4418335,10.73775196,49.4903717,0.324310005,0.01719,2.2664361,2.906949043,0.010953,0.074041001,0.24594
0.104064003,4.040480137,250.3254089,29.99489975,11322.12305,0.002612,3.909528971,5.178281784,366.2290039,10.61954975,47.69287491,0.318984002,0.016253,2.149385929,3.034976959,0.010595,0.078702003,0.240443006
0.106104001,4.196009159,246.319931,30.2482357,11358.10156,0.002581,3.967252016,5.190179825,368.8559265,10.65252399,47.05392838,0.316729993,0.016742,2.201843023,3.000683069,0.010999,0.081915997,0.240931004
0.107387997,4.116062164,249.8121643,30.65952301,11483.35938,0.002586,4.104650974,5.222734928,378.2136841,10.88071346,47.61954498,0.31367299,0.016887,2.214267015,3.266859055,0.011632,0.079550996,0.242225006
0.108677,4.050311089,250.7097931,29.9250679,11742.03711,0.00259,3.990592003,5.221811771,379.9356079,10.88628292,48.0989151,0.320042014,0.016205,2.058079958,3.177664042,0.011419,0.085248999,0.245964006
0.102494001,3.802201033,242.8455505,28.80344391,11916.33496,0.002601,3.910342932,5.09724617,369.1369019,9.878593445,47.05102921,0.310478002,0.015632,1.888671994,2.869800091,0.010812,0.080906004,0.243572995
0.106187001,3.965959072,258.5145874,29.77235413,12823.68945,0.00263,4.141119957,5.369102955,392.1899719,10.80460739,53.04533005,0.312276989,0.016383,1.890377998,2.941374063,0.01136,0.083779998,0.251614988
0.110572003,4.314421177,266.4726257,30.65819168,12965.8916,0.002655,4.268949986,5.62027216,413.7729797,11.93933487,54.26727676,0.313993007,0.017403999,1.955652952,3.03944993,0.012134,0.085280001,0.256806999
0.108083002,4.262105942,270.3146667,30.63396072,12931.53906,0.002647,4.266849995,5.482522011,409.7666931,12.16379547,55.23868942,0.316516012,0.017039999,1.960034966,3.012190104,0.012229,0.083795004,0.254878998
0.108075,4.189700127,275.1220093,30.58882141,13108.0625,0.002646,4.355343819,5.525562763,412.4576111,12.73154831,59.09558868,0.311544001,0.017682999,1.911828041,2.943257093,0.012288,0.085437,0.256431013
0.106351003,4.153210163,271.0794373,30.10754013,13031.17383,0.002653,4.335230827,5.548081875,406.2177734,12.16005898,58.67480087,0.308086008,0.017165,1.787459016,2.775747061,0.011785,0.083143003,0.253212988
0.103096999,4.160973072,259.7825928,31.15456009,13075.24805,0.002679,4.727015972,5.450547218,393.8883057,11.74790192,56.74577713,0.304185003,0.016562,1.685466051,2.725903034,0.011407,0.080907002,0.248687997
0.102826998,4.122242928,264.5394287,31.63872147,13654.21875,0.002677,4.683951855,5.4540658,403.9970398,11.9738369,57.81605148,0.30915001,0.015799999,1.710232019,2.822398901,0.011378,0.081808999,0.252898991
1.189244032,28.41875076,561.6582642,335.2128906,59095.80859,0.061985999,37.67287827,14.41088676,1977.276855,30.23321915,204.1125183,18.51649475,0.36422199,19.08490181,28.73943138,0.089040004,0.432511985,0.579291999
1.196509004,29.11761093,585.7074585,339.0077209,59384.3125,0.057663999,41.16428375,15.28859901,2143.225586,32.5332489,213.2283936,18.56660461,0.384002,19.81022263,30.17564583,0.095040001,0.446585,0.616568983
1.17327702,28.25184822,536.678833,323.1335144,57603.89063,0.055803999,41.64603043,13.66550732,2028.422485,29.53488922,197.1482086,18.14192772,0.354030997,22.55227661,29.5498848,0.088818997,0.418054014,0.590915024
1.191419959,29.32971191,566.5130615,351.6243896,58758.55469,0.057404,44.65221024,14.61721325,2093.122803,30.95728111,204.0429077,18.34749794,0.362637013,24.06132317,31.06555557,0.094086997,0.437806994,0.646728992
1.214300036,31.24659348,648.5609741,367.7724915,59057.87891,0.059696,45.79722977,16.12794113,2107.887207,32.39665604,221.069046,17.5604744,0.370032996,22.98428345,30.79484558,0.102559999,0.536366999,0.92047298
1.255354047,31.55449486,667.7485962,403.5907593,58192.35938,0.064457998,43.43019867,17.86155128,2118.378906,34.79787827,237.6649017,16.73322487,0.374565989,24.95714569,31.32274818,0.1127,0.542743981,1.096266031
1.175148964,29.476511,618.5975342,374.6588135,56048.9375,0.059028,39.59401321,19.19184875,1971.077271,31.17518425,219.4236755,15.46347427,0.337208003,26.47808075,28.59392548,0.10571,0.473280013,0.917576015
1.219436049,30.76403427,647.5640869,418.0383911,58323.95313,0.061464,41.36595154,19.503685,2088.57373,32.74489975,227.0030212,15.74590397,0.356305987,27.03398705,30.22243118,0.117248997,0.50681603,1.052755952
1.203539968,31.53260994,635.7067261,453.1784668,58245.00391,0.061684001,40.84930801,18.76987076,2072.108887,31.63246727,221.8623657,15.6775856,0.367603004,27.77827454,29.56221962,0.126562998,0.486387014,1.020836949
1.218757987,31.80380249,673.9575806,472.5603333,59793.23438,0.063845001,41.62615204,20.39337921,2135.942139,31.89926147,255.6201935,15.51254654,0.358471006,26.84140396,29.79239082,0.142626002,0.561828971,1.374415994
1.266734958,31.60232162,696.6084595,525.3855591,60204.96484,0.074648999,41.42339706,20.43368149,2157.656982,33.91918182,253.6344604,15.14195538,0.370532006,27.93189049,29.97910118,0.139742002,0.588810027,1.360530019
1.316126943,33.88396835,674.7862549,598.7226563,59893.45313,0.070767,40.49749756,19.53263283,2139.353271,33.10542679,244.4943695,14.63973904,0.358043998,28.51212311,36.75481415,0.128922999,0.590592027,1.467735052
1.41178596,33.67353058,746.8653564,549.5865479,63503.45703,0.093445003,42.94791031,21.22306061,2299.187744,35.45663452,266.9814758,15.61818504,0.42207399,27.4355526,35.32226181,0.152961999,0.65535599,1.794000983
1.455420017,38.46286774,818.7034302,549.5918579,63109.69531,0.121517003,42.64084244,21.97785187,2435.10498,41.42370987,279.7484131,15.30222321,0.414680004,26.47511101,36.15106583,0.168742999,0.636735022,1.839236021
1.481588006,37.14306259,868.1555176,542.6320801,63314.01172,0.182207003,43.51596832,28.65219688,2519.116211,42.75316238,286.5906067,16.88690567,0.44273299,27.8183136,37.8483696,0.176570997,0.641040027,1.766067028
1.416949034,35.63131714,1110.654297,510.2201843,61572.78906,0.365869999,41.53797531,38.53741455,2431.946533,42.10155487,310.6127319,15.79843807,0.436446995,25.39736557,36.27965927,0.238088995,0.613263011,1.557526946
1.384868979,34.34145355,1006.324219,520.416748,60683.82031,0.284173012,42.53594971,38.3216362,2344.89502,40.3720665,304.7599182,15.33908367,0.40625301,25.0998745,35.09549332,0.227585003,0.599255025,1.560055017
1.275501013,29.25309372,965.6826172,481.0342407,56216.18359,0.320475012,37.34743118,37.00811386,2237.136963,39.06591034,273.0988159,13.39830875,0.362901002,32.30291748,31.74631882,0.254631996,0.544734001,1.405997992
1.197958946,26.2830658,894.1287231,505.092926,55724.26563,0.407317996,34.81666946,33.4969635,2166.188721,35.87938309,261.91922,13.90625,0.327199996,31.67589569,31.44609642,0.229339004,0.501233995,1.315044045
1.26593399,27.3479538,940.9869385,587.0291138,56473.03125,0.319499999,35.44443512,33.63383102,2330.210938,38.950634,260.9413452,13.43210316,0.341524005,31.77005386,31.96318817,0.251996994,0.527949989,1.383298993
1.206735015,25.90350342,913.9057617,546.0235596,53906.08984,0.306924999,33.8710289,32.15621567,2364.751709,36.43635941,258.805603,13.2811594,0.359228998,32.51304245,33.60398865,0.227230996,0.49208799,1.296497941
1.147017002,24.0349617,854.0779419,506.0130005,51762.27344,0.260966986,32.9884758,33.512146,2403.535156,35.23340607,253.0783539,13.64986229,0.349444985,38.87976074,34.13132095,0.190797001,0.450345993,1.159682035
1.155701995,23.49842453,838.847229,526.5652466,51093.65234,0.248509005,32.22798538,32.55838013,2363.586182,35.05847931,241.3587799,14.08147144,0.381808013,36.97842026,32.88169098,0.201285005,0.450892001,1.169659972
1.101354957,21.77752876,769.1758423,496.4150696,50050.86719,0.270211995,28.93283272,29.56983185,2211.625732,31.12519836,224.8357697,15.56937027,0.353428006,40.73731613,30.1158371,0.178278998,0.425745994,1.048706055
1.088250041,21.54312134,757.7087402,505.0770569,49004.25391,0.251111001,29.76248932,29.11128616,2316.05957,31.5406208,223.6328583,17.66337204,0.382883996,47.36762619,33.88875198,0.167778999,0.416438013,1.032256007
1.234019041,26.45927811,849.4700928,534.5776978,54021.75391,0.27067399,33.40662766,32.8110466,2534.481689,35.13598633,247.4059296,17.61704254,0.535193026,43.97651672,37.94541168,0.188861996,0.485610008,1.368505955
1.306926966,27.82036972,887.8625488,568.47052,55033.11719,0.272188008,34.70315933,33.71214676,2662.865234,36.80806732,259.6522827,17.72114182,0.832754016,43.23900223,39.61473083,0.208920002,0.509478986,1.400954962
1.335665941,28.32757378,909.8458252,562.6325684,54824.70313,0.32368201,33.96755219,35.01503754,2746.380127,36.22083664,258.5051575,16.81857681,0.773113012,44.82598495,42.80321121,0.198599994,0.497348994,1.358600974
1.308014035,27.92986488,880.6653442,599.706543,53555.10938,0.305168986,35.96815491,34.45800781,2756.876953,36.44501877,255.5852661,16.23683929,0.890872002,42.46054077,41.03312683,0.191357002,0.491797,1.399359941
1.352449059,32.91837311,993.4256592,624.0805664,57750.17578,0.337561011,36.54066467,36.36843109,2773.207031,38.12850571,271.1670837,16.68742752,0.820568025,42.95600128,40.69766617,0.201078996,0.529525995,1.59167397
1.353070974,31.89084244,1005.080078,619.347229,57828.05078,0.392987013,36.92968369,44.60925293,2945.892822,41.11626053,276.8335266,16.54162407,0.786821008,49.50802231,40.1997757,0.204190001,0.539802015,1.651025057
1.326812029,31.30495644,974.6554565,622.1010132,56631.07813,0.376046002,36.65452957,44.90375137,2952.056152,39.50485611,269.1043701,17.14510155,0.824512005,46.8909874,42.32731247,0.216028005,0.559491992,1.562641025
1.362030029,35.93231964,1017.299988,675.684082,57200.29297,0.441706985,37.25520706,52.05988693,3431.086182,42.05980682,294.70401,17.28481865,0.796139002,45.93368912,42.31752777,0.210778996,0.552142024,1.555994987
1.274111032,30.36143112,955.1824341,611.2003174,53333.53906,0.541333973,34.853508,69.49090576,3253.629395,45.68613815,306.2344971,16.33741188,0.704383016,42.72955704,43.164505,0.188578993,0.503323019,1.392375946
1.475528955,35.26311874,1454.935059,651.6627197,57424.00781,0.657633007,40.49504471,94.26644135,3522.783203,49.42929459,356.0370789,17.0177536,0.811084986,44.92357635,42.4961853,0.207319006,0.603429019,1.614511967
1.650123954,37.98084259,1505.765747,633.2803955,56396.51563,0.58080399,41.53346634,134.1017914,3490.880371,47.12740326,353.5103455,16.76829529,0.761784971,43.45567703,40.22020721,0.215279996,0.651031971,1.60058105
1.653452992,38.04991913,1343.247437,624.5632935,57356.40234,0.684777021,39.92985153,120.1297302,3484.729004,49.31119919,346.2535706,16.58276367,0.753129005,43.15501785,39.78305435,0.230846003,0.630376995,1.581755042
1.619554043,38.32207489,1402.368042,646.1008301,58803.77734,0.636439025,39.83269119,126.4883423,3902.647705,48.60890579,346.3687439,16.98498917,0.848258018,45.56153107,40.40708923,0.223312005,0.616550982,1.56259799
1.770562053,39.02163696,1428.528809,662.2285767,58232.31641,0.570070028,40.31284332,117.3763275,3928.844727,52.19869614,386.4507751,16.99380302,0.969865024,44.33019638,39.43003464,0.233757004,0.628588974,1.535292983
1.644695997,34.70148849,1321.401123,631.3519897,55859.79688,0.449963987,36.54177094,105.0252609,3952.293945,46.46869659,359.3293152,15.86888313,0.875069022,42.90963364,36.38795471,0.202802002,0.659578979,1.389006019
1.764076948,36.82477951,1542.425049,672.3339233,56704.57422,0.495231003,38.64228439,111.1402817,4168.701172,48.75476456,377.3887939,16.31117439,1.069219947,44.57746887,38.48997879,0.212826997,0.729996026,1.477681994
1.552775025,32.0162468,1209.806885,588.1851807,49150.53516,0.385376006,34.03139114,82.7591629,3785.848633,41.03371048,303.0848694,14.47517395,1.019014001,42.45730972,36.03806686,0.164562002,0.588705003,1.247864008
1.933668017,34.98023987,1251.692139,571.4345093,49716.19141,0.490373999,40.03165436,87.77384186,3715.148438,43.08983231,316.9093323,15.89557362,1.053153992,40.99785233,37.3691597,0.182071,0.644150972,1.358909965
2.004796028,36.95120239,1298.664795,603.1282959,49880.53516,0.559603989,47.94593811,104.1231766,4079.057373,46.5469017,326.2338562,16.40512848,1.470762014,42.71786499,40.32621384,0.186739996,0.668042004,1.402917027
2.174026966,34.41056442,1170.348389,563.041687,46760.1875,0.507972002,43.53863144,95.16750336,3638.12207,41.4983139,299.772522,15.21720028,1.608185053,43.46130753,36.57718277,0.172095001,0.676240981,1.485880017
2.309113026,36.51881027,1168.729004,562.829834,46456.05859,0.514895022,42.63151169,93.78987885,3587.506104,40.73714828,296.6270447,16.18236923,1.714745045,47.20082855,36.56150436,0.176736996,0.714302003,1.452605963
2.032226086,33.66225433,1068.65686,511.964386,43537.51172,0.487892002,38.7101593,89.93803406,3282.397705,37.19443893,281.7693176,14.95759201,1.727972984,46.86320496,33.2856369,0.158021003,0.645600975,1.496299982
2.003662109,36.82215881,1091.550171,508.0223083,42909.40234,0.476114988,40.64535522,88.67708588,3380.070068,42.54531479,294.6193237,15.70433712,2.454366922,55.91096115,35.07202911,0.162079006,0.647114992,1.590734005
1.482521057,23.38389587,706.7958374,339.0254822,37002.44141,0.333122998,25.22714233,60.12178802,2460.679199,26.70195961,189.5201721,9.644053459,1.659389973,35.10718155,23.42795753,0.107669003,0.450426996,1.070312977
1.810469031,25.19688416,821.6005249,393.6127625,40782.73828,0.400193989,29.15056992,74.05576324,2784.294189,30.78122902,212.2761383,10.40572739,1.841451049,44.74274826,26.39457321,0.131797001,0.497590005,1.185536981
1.552276969,21.80176926,687.9571533,326.2963257,37304.69141,0.359382004,24.46397018,64.04541016,2430.621338,25.57757759,180.1970367,8.265974998,1.482336044,38.81285095,21.90126038,0.108659998,0.419355005,1.006976008
1.463621974,18.85113907,631.7822266,299.5040894,37536.63281,0.342370987,22.01452446,58.53774261,2295.705566,23.29215813,169.5945587,6.583102226,1.193292022,31.31558228,20.38345528,0.099527001,0.389952987,0.906316996
1.325435996,15.75615215,556.1397705,262.9456787,34770.58203,0.308070987,18.02944183,51.96479416,2109.579834,20.00837326,143.5193634,4.10766983,1.086714983,24.68874741,16.83633423,0.086935997,0.367805004,0.797015011
1.549484968,19.4109478,748.4216919,345.3096313,38705.98047,0.366162002,23.19908905,73.42115784,2643.591064,26.36295891,183.9941254,6.590835094,1.717576981,31.28357124,24.62764931,0.111984,0.439702004,0.992834985
1.55536902,19.45080948,719.9478149,344.1139832,38402.22266,0.346302003,22.13013077,78.24352264,2706.628906,27.62983894,183.4978943,6.638655186,1.940050006,29.99707794,25.19501686,0.112363003,0.42881301,0.976186991
1.782701969,20.90567589,765.0488281,379.8543091,39294.19922,0.353693008,24.54968834,79.92976379,2888.69873,33.98487473,199.2243347,7.334159851,2.210166931,35.53981781,29.36829567,0.133100003,0.444673985,1.033725023
1.645959973,19.00033569,745.9550781,367.6557922,38436.96875,0.332944989,23.85298157,74.30797577,2736.488525,31.51471329,193.1210938,6.653355122,2.026745081,33.58459091,28.37033463,0.123299003,0.418590993,0.97023499
1.511986971,16.73341179,689.947876,329.8799133,35697.60547,0.311205,21.41009331,68.35733032,2419.90625,27.95169258,177.3206635,5.898266792,1.823294044,29.03927612,25.92494583,0.1083,0.398791999,0.900147974
1.406231999,16.1274929,651.5799561,305.0521545,34616.06641,0.303110003,19.86337471,64.28092957,2279.51416,25.39863968,163.8081055,5.490818977,1.698194027,27.37642097,23.17946434,0.098990001,0.367157012,0.831788003
1.577278972,16.53438568,663.5120239,325.7840271,35678.12891,0.30222401,20.47398758,66.36599731,2390.30542,26.8696022,170.9782257,6.218207836,1.864938021,28.60265923,25.74251938,0.107571997,0.375687987,0.906608999
1.742777944,18.16131973,703.8825684,354.3293457,37332.85547,0.325809985,23.43092728,70.21820831,2714.945313,32.0885849,188.0336761,6.56347084,1.881024003,32.81624603,28.36971092,0.126157999,0.403407007,1.04658401
1.734753013,17.77317047,691.4038696,362.7946472,36684.92578,0.370077014,22.81084633,67.78890228,2633.518311,30.69901276,182.9806976,6.303988934,1.821164012,30.98526001,27.39523315,0.120715998,0.417710006,1.011000991
1.752823949,18.67708015,697.9129639,401.2623291,37575.17969,0.423373997,25.95772743,68.39360046,2706.125,30.6563015,187.2639771,6.841399193,1.795897007,33.9563179,27.63147926,0.125834003,0.419010013,1.024399996
1.840471029,20.24371338,718.4481812,427.8079224,39208.76563,0.399962991,27.01345825,69.80142975,2855.126465,32.19055939,193.0861816,7.672639847,1.823845983,39.4709053,28.63080978,0.142690003,0.425343007,1.045320988
1.710908055,18.2474041,671.1391602,391.3953247,36894.40625,0.376323014,25.00829887,64.88108826,2688.195068,28.8757534,178.8720093,6.38573122,1.631484032,37.41506958,26.44299507,0.129297003,0.385039002,0.970196009
1.65900898,17.25030327,649.4383545,390.4318542,35551.95703,0.372177005,23.81677055,63.14029694,2630.576904,27.12679672,173.028717,6.055346012,1.527333975,39.58539963,25.60755157,0.125231996,0.375380009,0.923286021
1.678248048,17.40011024,657.4957275,393.8202209,35862.37891,0.371807009,24.20159912,64.10669708,2715.092773,27.55157661,176.6394348,6.249195099,1.583428025,42.30837631,25.91248131,0.128627002,0.381255001,0.945285976
1.564105988,15.52264023,596.0778809,357.3102112,33560.70703,0.331050009,21.62695885,57.8617897,2590.263184,24.52721024,161.7328033,5.584114075,1.48012197,38.26233292,24.19516563,0.114422999,0.346231997,0.861154974
1.588029981,14.86894035,597.0922852,354.0013733,33472.63281,0.327686995,21.74526978,56.90725708,2517.438721,24.17489815,161.1610718,5.619856834,1.485098958,41.51781464,23.53021812,0.113467,0.350567013,0.875787973
1.624825954,15.38689137,633.1434937,375.7346802,37345.12109,0.343331009,23.18493843,61.98173523,2608.26709,25.56934166,172.1386566,6.016342163,1.492426991,42.03177643,25.12730217,0.119981997,0.364291012,0.920033991
1.531857014,14.17640781,602.8461304,352.183197,36702.59766,0.326350987,22.68481636,57.9429512,2471.518555,23.1006794,168.203064,6.136998177,1.362205029,41.09867477,23.59715843,0.111854002,0.339210004,0.869181991
1.436378002,13.41897869,578.2715454,345.9336853,37334.39844,0.319359004,20.98585701,56.95616913,2353.768799,21.47896767,162.8805237,5.551538944,1.251965046,36.04608536,21.85096931,0.104878001,0.318661004,0.848450005
1.48021996,13.55193043,580.5331421,343.7410278,35552.51563,0.312083989,20.77703667,55.26553345,2372.484375,21.68654633,162.0148621,5.497508049,1.341269016,36.44168854,21.32251549,0.106030002,0.328296989,0.832683027
1.558359027,14.7755661,614.3549194,366.6489563,39097.85938,0.324382007,22.076334,59.05662537,2508.391602,23.33760071,170.9308777,6.072099209,1.469216943,38.77043533,23.2743206,0.112544,0.34472999,0.883159995
1.575109959,14.96583557,625.3695068,368.7927551,40218.47656,0.332085013,22.2053566,59.1567421,2537.891113,23.86089897,172.9490967,6.037555218,1.477862954,38.71305466,23.40723801,0.113035999,0.348302007,0.89289701
1.597756028,15.18004322,639.2045898,373.5661621,40406.26953,0.328381002,24.76083565,59.37721634,2610.936768,26.08422661,178.6594238,6.589106083,1.691460013,41.15364838,24.18085289,0.113476001,0.343813986,0.889800012
1.482573032,14.06767845,593.0466309,347.0334473,38347.0625,0.307761014,22.9721756,55.27223587,2367.663574,23.01507759,166.4589386,6.174939156,1.477197051,39.7036171,21.8322258,0.107486002,0.317373008,0.831907988
1.482193947,14.8320694,599.3579102,352.7385254,38053.50391,0.306495994,22.51145363,55.53529739,2372.001953,23.35679054,167.0556946,6.154644012,1.503793955,39.26459122,22.15489006,0.107220002,0.317561001,0.841437995
1.415395975,13.62787056,563.2868042,336.8096924,35787.24609,0.293471992,21.39889526,52.54550171,2231.733154,21.21115112,156.3556366,5.917374134,1.377261043,36.64879608,20.39336014,0.099463999,0.297656,0.797648013
1.390570045,13.45772934,554.8967285,335.7128296,35615.87109,0.287355989,20.35594177,51.14832687,2178.499023,20.42398262,153.2954559,5.763191223,1.363695025,35.35343552,19.91080666,0.097081997,0.290798992,0.761672974
1.429188013,13.97099113,557.5296021,340.0671997,35698.29688,0.280900002,20.67236328,51.11225128,2246.364502,21.73541641,155.0925903,5.891520023,1.398995996,35.32201385,20.80651283,0.098719001,0.297630012,0.776377022
1.177479982,11.21061611,456.293457,270.984436,31676.69336,0.178691,15.76990414,39.42816925,1888.44751,17.42409706,124.7864609,4.842235088,1.099051952,26.65740013,15.85063839,0.073716,0.236667007,0.610387981
1.153254032,10.52658176,443.7832642,261.8180847,32505.66016,0.191030994,14.65241241,36.52656937,1874.950073,16.80649185,119.602684,4.711923122,1.074383974,26.77185631,16.38027573,0.071470998,0.234630004,0.545067012
1.252895951,11.19394684,469.3756409,294.4902954,33723.02734,0.232173994,16.14249039,40.56602097,1989.736328,18.38720322,128.6749878,5.25257206,1.158586979,30.04888725,17.87169647,0.075764999,0.257174999,0.626534998
1.356086969,11.48295689,486.2078857,308.3970337,34662.4375,0.262782007,16.25365829,43.09289932,1988.456299,19.03735733,134.4846039,5.454391956,1.203148007,31.18103409,18.0547142,0.080545001,0.267769009,0.671999991
1.256477952,10.27066994,451.9181519,281.6209106,31637.7793,0.239152998,14.46769619,39.62571716,1813.217285,16.93096733,125.6877441,5.063105106,1.046162963,28.69886208,15.90519047,0.072382003,0.242594004,0.613322973
1.250440001,10.27557087,458.7761841,279.4380493,32186.27734,0.244783998,14.49961185,40.51564407,1829.239258,16.95522118,126.6572571,5.201917171,1.075453043,29.71285439,16.10042381,0.073849,0.249309003,0.615435004
1.335201979,10.91907978,476.8872986,290.5670166,34649.64453,0.264450014,15.01559353,42.33108521,1978.894653,18.3441391,132.3478851,5.400850773,1.11203301,31.92939186,17.09566689,0.077832997,0.258648008,0.646923006
1.324751973,11.28629589,500.6705627,289.5341187,34434.33594,0.256857008,15.74037838,43.32964706,2079.657471,18.77398872,137.3708496,5.529632092,1.119223952,32.92778015,17.68386078,0.079241998,0.263507992,0.643746018
1.368437052,11.8514204,522.2713623,300.2115479,35867.77734,0.262769014,16.25337029,56.301651,2160.768311,19.46001053,143.7029114,5.986422062,1.167279005,33.86680222,18.55433083,0.089782998,0.280817986,0.701725006
1.383471966,11.95554733,526.2958374,303.2958679,35040.83594,0.254215002,16.40219498,57.62730789,2274.547607,19.49723625,144.1358337,6.52235508,1.167428017,35.55640411,19.27835846,0.090609998,0.282977998,0.70637399
1.335610986,11.22981071,498.193573,288.2184143,33572.11719,0.244549006,15.27896404,53.23774338,2113.605469,18.27329254,137.5775299,5.921539783,1.077357054,33.40403366,17.87039948,0.084599003,0.269746006,0.661180019
1.39439702,11.13265419,496.349762,287.4230957,33897.04688,0.245263994,15.34077358,53.76950836,2150.040283,18.28356171,136.9436951,5.726226807,1.103610992,34.02048111,18.24172592,0.086742997,0.263426989,0.656763017
1.406836033,11.5039072,505.3199768,298.2371216,34668.54688,0.246410996,15.55371571,56.83176041,2226.114258,18.53881836,140.2796936,5.809141159,1.118638039,34.47881699,19.52475739,0.087385997,0.264324009,0.672887981
1.458184004,12.35009956,526.4296875,307.7320862,35287.78125,0.246482998,16.01402664,56.24565887,2321.724121,19.26283836,144.9058533,5.973340034,1.147865057,34.31060028,20.77187347,0.087803997,0.268128008,0.694944978
1.404898047,12.02680969,505.0554504,302.3779907,33746.00391,0.231613994,15.23558235,53.68263245,2198.58252,18.37158966,138.0732422,6.037942886,1.101609945,32.98458862,20.09518051,0.083407998,0.254456013,0.654299974
1.418053031,13.35743427,511.6671143,320.9348145,34235.19531,0.234421998,16.14356422,54.71455383,2324.679443,20.08046532,138.9856415,6.53027916,1.131785989,34.26913834,22.40018654,0.084527999,0.26019001,0.665401995
1.403118014,13.08975315,508.8645325,327.5224609,33855.32813,0.224125996,16.85778999,52.81042862,2315.161865,19.76412773,137.3712158,7.090137005,1.128411055,36.59136963,22.23114586,0.083428003,0.256940007,0.651575029
1.330145955,12.11966419,490.9910583,310.427124,32877.37109,0.207597002,15.33774757,49.62429428,2120.026367,18.42205048,132.3085022,6.703923225,1.043339968,33.20372772,20.40013123,0.076188996,0.243421003,0.623058021
1.349473953,12.54416847,504.0629883,316.4845276,33798.01172,0.219863996,15.66926861,50.11837387,2146.692383,18.63038445,134.5715942,8.09379673,1.051329017,33.26464844,20.98546982,0.076858997,0.245802,0.636803985
1.336084962,12.02573681,497.4999695,316.1401367,33520.51953,0.213919997,15.2908392,49.17094803,2111.403564,18.20778847,133.9872894,7.895116806,1.02987802,31.78864479,20.24377441,0.075948998,0.245316997,0.625463009
1.348145008,12.41366482,498.2137146,322.0316467,34240.1875,0.215856001,15.48243523,49.69042587,2139.664795,18.3639679,134.2458344,8.422262192,1.042152047,32.17784119,20.68103981,0.077629,0.246157005,0.635935009
1.315099001,12.18653297,480.8447571,316.328186,33155.84766,0.208048001,14.87313271,47.81480789,2036.721069,17.550354,133.5381317,7.891665936,0.996987998,30.84808731,19.5876236,0.075172,0.239253998,0.630177975
1.265082955,11.91466904,465.414917,308.8111572,32702.02539,0.200002998,14.18964958,45.56703186,1940.083984,16.86616135,131.3218079,7.103418827,0.945663989,29.12118912,18.43855667,0.072889,0.23274,0.619522989
1.262258053,11.79209614,467.7268372,309.4063721,32822.34766,0.197323993,13.79957008,45.66099548,1994.331299,16.94568253,131.0626068,6.91896677,0.928695977,31.28100014,17.86868477,0.072562002,0.240116,0.620324016
1.223191977,11.34988594,454.633606,315.2440186,31780.73047,0.184888005,13.08484936,43.16379929,1911.175659,15.68165207,125.4915619,6.61251688,0.876782,28.45210075,16.99602318,0.068844996,0.240982994,0.596940994
1.173714995,10.86089706,439.7827759,302.9855957,31421.53906,0.172344998,12.05382633,41.26304626,1880.382935,15.26286507,121.0410538,6.578952789,0.812614024,26.37000847,16.40836716,0.065396003,0.236423001,0.590774
1.172302008,10.92774582,437.0375977,300.4979248,31533.06836,0.186124995,12.29217625,41.45195389,1898.825195,15.36005592,120.0270767,6.478758812,0.801460981,26.72166824,16.10651779,0.065495998,0.233002007,0.582427979
1.183698058,10.70465088,439.6506042,302.4804993,31796.81055,0.182233006,12.68214607,41.989151,1895.552124,15.50241184,119.5120163,6.496267796,0.795457006,26.75190926,16.36115837,0.067557998,0.230737999,0.587921977
1.121116042,10.16976833,415.6914063,280.0186157,30817.83203,0.173556,11.42525101,41.50757217,1817.296631,14.50906181,113.1648026,5.953961849,0.730727971,24.44757652,15.68914032,0.061659999,0.211522996,0.557555974
1.056290984,9.650588036,399.5709839,264.7823792,29807.34766,0.170800999,10.98121166,39.39388657,1787.510742,13.77589703,107.3994827,5.87098217,0.690101027,23.48955536,14.59984398,0.057831001,0.212393999,0.529335976
1.168097973,10.4205246,430.4355164,292.5313721,32110.69336,0.190348998,12.30587864,42.85840988,1990.970825,15.26847744,117.4598923,6.608770847,0.888009012,26.6230793,16.6794796,0.065913998,0.227835998,0.569998026
1.186161041,10.82858753,442.8225708,293.6411438,32313.10547,0.191303,13.16149139,43.40572357,2025.202759,16.08571815,120.7357941,7.346724033,0.880550981,27.70208168,17.59596825,0.067718998,0.263599992,0.592206001
1.206307054,11.0993557,455.7831726,299.2829895,33581.55078,0.194764003,13.39796829,45.78722,2124.776611,16.51156235,124.2494125,7.92592001,0.949230015,28.51387978,18.62362862,0.070974,0.269459009,0.609224021
1.233497024,11.17281723,460.1472778,302.0718689,34292.44531,0.197319001,13.80534077,49.48276138,2189.21875,16.70583153,126.1886749,8.486323357,0.949325025,28.70261955,18.2786026,0.072311997,0.267686009,0.609826982
1.228500962,11.24078655,456.0246582,302.4361572,35350.1875,0.197863996,13.71259975,48.46228409,2191.373779,16.75965881,127.5979767,8.25388813,0.939943016,28.16877365,18.27025604,0.074279003,0.261741996,0.606356978
1.258492947,11.49217033,482.8833008,304.478241,37337.53516,0.204419002,13.95171165,48.52608871,2233.366699,18.08965302,131.3624878,8.519877434,1.017886043,28.30664253,18.56839561,0.077904001,0.26147899,0.625617981
1.278445959,11.9197731,502.295166,313.6026001,39406.94141,0.205899,14.37607193,49.454422,2298.333496,19.49963379,134.6178741,9.507802963,1.039819956,28.06532669,18.8825798,0.083829999,0.263123989,0.644604027
1.283504009,12.25692654,510.1445007,313.4286499,39995.90625,0.205392003,14.53883457,49.17039871,2296.54541,19.03027344,139.8366089,10.96631241,1.015442967,27.81541061,19.01560783,0.082562998,0.268934011,0.725444973
1.284083962,12.41838264,538.3031616,316.7494507,40008.42188,0.204619005,15.23694801,49.24817657,2380.956787,19.34584999,141.3212891,11.044137,1.025704026,31.28113747,19.54263878,0.082461998,0.272296995,0.748017013
1.308951974,13.00236511,552.7387085,322.9093628,42235.54688,0.208820999,15.83852291,51.08884048,2466.961426,22.31596184,145.7750244,10.84537697,1.069406986,32.39394379,20.97228241,0.085845999,0.279421002,0.752119005
1.322345018,13.591609,547.8032837,333.5495911,41626.19531,0.208314002,16.84720421,51.41577148,2536.209961,22.75370216,144.9332123,10.75721455,1.082648993,36.82731247,21.81168365,0.089585997,0.285697013,0.747785985
1.31772995,12.87743187,527.8416138,333.4840088,39974.89453,0.204437003,18.41396523,50.41701126,2561.852051,22.12683868,140.7355347,11.92819405,1.052474022,34.2543602,22.03234673,0.085917003,0.276176989,0.725921988
1.310068011,13.00689125,543.9884644,331.1031189,39201.94531,0.203600004,18.01728439,51.37319946,2610.15332,23.48034859,141.5055084,12.32942772,1.048185945,33.22241974,22.40984535,0.086172,0.274608999,0.739220023
1.365025997,12.53329372,536.9937134,322.7477417,38152.98047,0.195967004,17.33682632,49.37057114,2502.349609,23.87595749,138.2908478,14.71902466,1.018795013,33.99644089,21.27823257,0.084936999,0.274168015,0.712728977
1.376564026,13.67992496,545.9660034,334.9187927,39747.50391,0.20149,19.16309357,51.61177063,2724.619873,24.1888752,142.6230469,14.51312256,1.052682042,35.7636261,23.52620316,0.088413,0.280368,0.730488002
1.386144996,13.83428097,548.5981445,337.8738708,40869.55469,0.200974002,19.1323719,52.46417999,2827.328857,24.05049515,143.4359741,14.55463505,1.064944983,37.35513687,25.44015694,0.090821996,0.280418009,0.733151019
1.40178597,14.72543144,556.4429321,342.1369934,42816.5,0.204687998,20.40067863,52.99591064,2890.94165,23.85933495,147.8009491,14.49841404,1.080821991,39.44610214,26.16093254,0.096306004,0.284749001,0.746513009
1.470677018,15.76119041,583.1257324,355.7413635,44555.80078,0.260340989,20.96709442,60.53585434,3157.23877,24.63165283,155.8647766,14.58826923,1.166139007,39.4034729,28.18548393,0.103532001,0.306259006,0.816281021
1.427829981,14.81411934,556.0963135,342.0647583,43798.11719,0.240044996,19.6761322,57.1590271,3013.732666,23.04560852,149.8477325,13.41452026,1.080906987,37.67382431,26.72259331,0.101287,0.287335992,0.778738976
1.477640033,16.2318058,592.4888306,354.9668274,46365.40234,0.256897002,20.62097168,59.15611267,3167.856201,24.2872467,166.5163574,13.96946716,1.127634048,38.76778412,28.40253067,0.106027998,0.299187988,0.818552971
1.672566056,16.44843864,592.3838501,371.9543762,45585.03125,0.257324994,20.60800934,58.87055969,3141.691162,24.56628609,165.4604187,16.7475853,1.157588959,40.63979721,28.75829506,0.106306002,0.31001699,0.851247013
1.798038006,16.74867821,621.1851196,391.7570496,45593.63672,0.265262991,21.40242195,60.89693451,3164.245117,25.94653893,170.9359436,17.01953697,1.373568058,41.74411392,29.00050354,0.111284003,0.337857991,1.012524009
1.82387805,16.56905365,605.0075073,385.8189697,44428.28906,0.263920993,20.75480652,59.97803497,3043.414307,24.91723442,165.1310272,16.56895065,1.321019053,41.09936142,28.04737854,0.106985003,0.327338994,0.964549005
2.136079073,18.04875374,653.9584961,410.9448853,47793.32031,0.286808014,22.71414948,64.23680115,3322.21167,27.73313713,183.286087,17.80105782,1.513185978,44.89450073,30.5745945,0.120710999,0.360085011,1.089959979
2.191687107,18.06764984,689.1148682,409.0344849,47096.94531,0.293112993,22.86102676,67.08282471,3265.443359,27.15542221,182.7112732,17.40293694,1.44175899,44.11285019,30.1375618,0.130147994,0.395049006,1.280411959
2.169152975,18.7951355,703.1863403,414.5950317,47047.00391,0.341441005,23.17401695,74.89685059,3310.50415,27.90401268,184.9042969,19.28481674,1.466439962,53.74515915,30.2521534,0.139152005,0.391609013,1.288159966
2.07941699,19.18263054,675.8545532,417.4708557,46004.48438,0.32071501,24.53585625,69.38632965,3156.509521,28.08433914,178.8544922,22.00045967,1.427513003,62.4324646,29.20354843,0.129456997,0.37321499,1.190992951
1.926601052,23.52999878,638.8012695,401.908905,44695.35938,0.299441993,23.53363991,62.94500351,3014.845947,26.15813637,168.8426361,25.23495865,1.351758957,64.21070862,26.41947746,0.118129998,0.341650009,1.09819901
2.108560085,29.89081383,634.4328613,398.2514648,44801.1875,0.303739011,23.94813538,64.05302429,3020.089844,25.51289558,167.3966064,30.84176445,1.338546991,72.54331207,26.58272934,0.119805999,0.342857987,1.146096945
2.428139925,30.63427353,658.8883057,430.9888611,46717.57813,0.317144006,26.54862785,66.99541473,3182.702148,27.06476021,175.4934082,29.39685631,1.469267964,72.75760651,27.95723724,0.130169004,0.367096007,1.232841969
2.457701921,39.18530273,693.6816406,454.9363098,49339.17578,0.327490985,28.14695358,70.03151703,3286.935303,28.70184135,183.6285248,30.65245056,1.552742958,78.724617,28.86710358,0.133240998,0.385289997,1.263221979
2.435435057,43.78691101,676.0634155,448.9202576,48905.49219,0.316796988,27.87333679,67.5376358,3226.083984,27.86159134,179.736145,27.55119133,1.584974051,73.75621033,28.24882507,0.128082007,0.371778995,1.216472983
2.71372509,43.53219986,672.6182861,449.0534973,49321.65234,0.314963013,27.73687363,67.51551819,3242.115479,28.02281761,186.3130951,28.03327942,1.626175046,72.80391693,28.42609978,0.128290996,0.373109013,1.227722049
2.917386055,46.45053101,677.7103271,499.8905945,49546.14844,0.317914009,27.89130974,68.2385025,3319.257324,28.55410194,187.1064301,29.91685104,1.62429595,75.70803833,28.78557205,0.131595999,0.378704011,1.247269988
2.721091032,55.3458519,637.4052734,471.595459,47706.11719,0.288738996,25.08144569,62.90885544,3172.456299,25.75219727,173.5768127,29.67116547,1.474746943,70.67090607,26.64594841,0.121385999,0.350753993,1.13735199
2.738132,46.11512375,649.3145142,502.7862549,48960.78906,0.292225987,25.93537331,63.64595413,3224.915283,26.5204792,177.6032257,29.98959351,1.525951028,71.9515686,27.02334023,0.127286002,0.358503997,1.172528982
2.535527945,41.42075348,607.3994751,479.0061035,46942.21875,0.268909007,23.9814949,59.78713608,3100.325439,24.42632675,168.0855865,27.00930023,1.377738953,75.31620789,25.56266403,0.11603,0.336313993,1.075266004
2.944196939,50.07778931,635.2657471,494.4986877,49058.66797,0.294432998,26.56975365,64.12274933,3270.60083,26.0182991,175.9844055,32.66126251,1.515493035,88.08698273,27.36817741,0.128114,0.357219011,1.188472986
2.847490072,50.19713593,647.2998047,486.1969299,48902.40234,0.285629004,25.96674156,64.23880768,3244.40332,25.72908974,175.4540863,34.95920563,1.457911968,96.70317078,26.81664467,0.123118997,0.347853988,1.145504951
2.855986118,47.50910568,660.1724854,480.28302,48829.83203,0.281125009,25.73291779,63.44128036,3227.002686,25.81366158,174.7042236,33.33124161,1.42078197,94.46967316,26.81300926,0.12359,0.343741,1.140831947
2.733160019,41.32507706,631.65802,459.4907532,47054.98438,0.272125006,26.0447197,61.77245331,3224.374268,24.98093414,167.4246674,33.46823883,1.313902974,110.5448074,26.77794456,0.116999,0.329315007,1.101434946
2.772475004,39.48735046,636.7659912,464.4187317,47166.6875,0.278452992,31.47002029,63.92840958,3433.732666,26.75070763,171.6592255,31.56235695,1.33810401,108.4837723,29.42051888,0.123084001,0.340768009,1.187592983
2.870767117,41.93160248,656.8170776,490.0687256,48847.02734,0.29440099,33.13948059,68.96638489,3834.828125,29.73518181,180.972168,31.66261482,1.471418023,111.0330048,31.29646873,0.137536004,0.353843987,1.23488903
2.963438034,47.7559166,664.8388672,483.921051,49327.72266,0.295955002,31.81471252,67.74181366,3790.98999,29.98524475,183.6172485,32.86503983,1.446720958,128.1023865,29.98378181,0.143268004,0.360592991,1.256324053
2.968239069,45.9111824,712.8183594,488.6047058,50025.375,0.296272993,33.67427444,69.95877838,3940.614746,30.78426552,212.9659729,31.74186325,1.459216952,146.5830536,28.66644859,0.143331006,0.368903011,1.291435003
2.832807064,47.14316559,709.5724487,498.0784302,49944.625,0.299387991,32.4175148,68.86050415,3887.828369,29.89782333,212.3584595,31.40615845,1.733909965,139.1130676,28.61515045,0.144960999,0.370301008,1.255779028
2.91082406,48.17892456,764.1975708,504.619873,51753.41016,0.314527005,34.40879059,73.59529877,3952.133545,33.50342941,231.3339844,34.48678589,1.67948103,142.0708771,29.36446381,0.153944001,0.397390991,1.305498004
2.83189702,47.04298782,784.3664551,495.9250183,52633.53516,0.308764994,34.311203,73.5801239,3928.379395,34.7848587,219.5257721,32.3539505,1.643828034,164.3809204,28.85600853,0.149635002,0.423431993,1.389412999
2.502490997,37.59894943,672.2505493,417.5087891,46811.12891,0.253744006,27.82574463,59.18697357,3426.394287,28.11425018,178.1143951,27.78993607,1.354202032,173.1489258,24.24998665,0.122400999,0.334286988,1.125098944
2.474988937,37.05140686,662.1929932,415.1131592,46091.39063,0.25711301,27.70879364,58.61783981,3497.315186,27.15100861,179.7246704,29.42649841,1.333335042,191.0413971,23.1771431,0.118722998,0.329539001,1.100720048
2.517666101,40.77261353,661.2267456,421.2700195,46391.42188,0.252595991,29.83556938,58.9297905,3427.340088,27.97862816,180.3768005,30.51192665,1.36718905,188.1958008,23.30948448,0.121590003,0.332298994,1.089401007
2.385910988,49.18913651,629.4200439,401.6217957,44883.91016,0.239981994,29.21535683,56.37652588,3211.505859,26.38752365,174.2960358,43.54466629,1.304479957,179.8652344,22.31696892,0.112349004,0.317452013,1.057266951
2.633949995,57.16424561,635.8800659,405.5273743,45201.45703,0.241431996,31.59460258,57.13562012,3270.278076,27.04114914,178.6885681,39.09306717,1.31546998,178.8678741,22.7498951,0.115538001,0.325278997,1.079905987
2.581727028,59.25942993,647.3294678,416.6832275,46063.26953,0.250616997,35.77433777,58.17897034,3410.134521,29.37924385,183.2344818,39.2287178,1.329738021,174.5376282,23.6888237,0.120057002,0.33315599,1.119636059
2.400662899,53.1101532,615.1316528,399.063446,44963.07422,0.235906005,34.76799011,55.78541183,3285.511719,26.91848183,179.4839478,37.1915741,1.247609973,169.2695465,22.65661621,0.112222001,0.319278985,1.064677954
2.395637989,51.57811737,639.96521,414.2362366,47092.49219,0.240709007,37.37580109,57.11348724,3429.169678,30.74616432,183.1390686,35.66656494,1.316789985,158.0948181,25.65300941,0.117517002,0.33108899,1.096573949
2.501635075,57.62539291,652.4776611,431.4230347,48176.34766,0.247696996,36.46339417,59.18857956,3615.282715,30.77960014,189.2394104,36.68920517,1.416373014,159.1173859,27.46451378,0.122161999,0.34147501,1.12135303
2.420969009,67.84269714,639.5713501,424.649231,47783.35938,0.242555007,35.5475502,58.05618668,3571.294922,29.82655144,185.5380707,37.52246857,1.383579969,152.4740601,26.27401733,0.116637997,0.330612004,1.091498017
2.346419096,69.93401337,620.5578613,406.6328125,47267.51953,0.239930004,33.02138519,56.66257858,3398.538818,27.69459724,179.684082,34.42565155,1.422435999,147.5930634,24.28819466,0.111472003,0.319550991,1.065598011
2.369977951,69.01238251,630.215271,410.8092957,48278.36328,0.241385996,34.89886475,57.28502655,3432.018311,28.39057732,181.3088684,34.78163147,1.366242051,169.1842194,24.54183578,0.112966999,0.322501987,1.075667977
2.282299042,70.07572174,609.2835083,408.4716492,47260.21875,0.233142003,33.80133438,55.33708572,3329.447998,27.39574814,175.7406006,32.96218109,1.314545989,152.5166931,23.92476463,0.108081996,0.314182997,1.048428059
2.063988924,56.67792892,540.8760986,361.9659119,42843.80078,0.207071006,28.05183029,48.92726517,2958.993408,23.43109894,156.4640198,27.21738243,1.126376033,132.1344604,20.76280022,0.090885997,0.280927986,0.917151988
1.987028003,59.01735687,504.0189514,344.5346069,40693.67578,0.201027006,26.31650162,45.77300644,2764.431152,21.432621,148.3898773,25.15234756,1.046900988,123.9503937,19.0365715,0.086120002,0.266321987,0.876329005
2.266181946,74.18703461,547.6450806,379.4403381,43574.50781,0.224858001,31.61177254,51.31754684,3077.86792,24.49307251,161.4120026,33.2737999,1.231153965,147.9242554,21.63762283,0.098954,0.293305993,1.004076004
2.330940962,76.41905975,552.303772,383.8204041,44895.09766,0.224831998,33.54473877,51.38216782,3155.523682,25.45398331,163.8183441,36.20280075,1.225594044,149.7535706,21.53046608,0.102131002,0.303220987,1.002040029
2.281269073,72.40190125,513.6057739,355.3162842,42839.75,0.209451005,30.84234428,47.70835114,2931.669189,23.28073883,152.2317352,40.20151138,1.128906965,139.3956451,19.67172813,0.092607997,0.281742007,0.945923984
2.30154109,68.38166046,517.8965454,349.8800964,42716.59375,0.208639994,29.84318542,47.42913055,2925.565674,24.52366066,151.1814575,37.90815353,1.122274995,136.1789246,19.50146484,0.090254001,0.277577996,0.941341996
2.208494902,66.86196899,503.6674194,344.1817627,43208.53906,0.204962,28.82866287,47.19630051,3062.265381,24.60215569,150.6408691,34.64458084,1.123015046,135.6993713,24.02917862,0.091413997,0.276165009,0.944720984
2.135905027,66.50875854,489.0119324,336.1912231,42235.73047,0.200261995,27.77210426,45.46682739,2934.138916,23.06629753,145.3495789,36.90671921,1.086693048,136.7284241,22.44522285,0.086763002,0.265834004,0.923685014
2.039139032,61.51771927,474.5220032,333.0325928,41034.54297,0.196804002,26.33382797,45.03566742,2807.296631,22.1019001,140.5971222,33.16389084,1.050354958,131.5372162,23.05898666,0.081913002,0.256740004,0.893688977
2.065687895,65.52000427,485.4199829,367.9895935,41564.36328,0.198875993,27.27425575,45.59587479,2853.143311,22.8805294,144.9186249,34.18618774,1.099416018,135.3514557,23.04968643,0.084674999,0.270253986,0.928349018
2.114451885,66.7658844,502.5036316,387.0573425,43790.89453,0.204244003,28.58061981,46.97605133,3001.678955,23.98634911,153.147995,38.60167313,1.127109051,141.069046,23.52705383,0.095127001,0.278811008,0.952636003
2.258126974,67.57039642,543.3027344,421.6431885,48116.94141,0.223010004,31.9687767,51.92372894,3307.516113,26.29743958,166.1322021,37.73747635,1.266195059,161.682373,25.6360817,0.108098,0.300390989,1.042623997
2.251458883,69.2204895,552.6283569,428.0983276,47711.48828,0.219133005,32.12210846,53.39030075,3391.694336,26.94674301,169.2589264,41.47689438,1.296617031,169.0930176,26.17856026,0.111451,0.316974998,1.038674951
2.252872944,68.71704102,570.4993286,430.5088196,48199.95313,0.221747994,32.10525513,53.71692657,3418.358643,27.55904007,170.6099701,42.74248886,1.325379014,172.5891571,26.00412941,0.110494003,0.315097004,1.055170059
2.189234972,65.15984344,551.5970459,425.7489014,49112.90234,0.240851998,31.0421257,52.51486969,3380.089111,26.55935669,167.5401459,46.72335815,1.271909952,166.7319183,25.30326653,0.109265998,0.309655011,1.043004036
2.233124018,64.65011597,594.0425415,442.7061462,51514.8125,0.252016008,31.42745781,54.40898514,3518.518555,27.2426281,173.8910828,44.70867157,1.314543962,164.1158295,25.66479111,0.113366999,0.319083989,1.085502982
2.212155104,60.11407471,618.7408447,435.4013672,55361.44922,0.255133986,32.28961182,54.89974213,3580.562012,26.83726692,178.7056732,41.94869232,1.257642984,154.1077423,25.28768921,0.112323001,0.354442,1.077656031
2.276994944,61.48835373,612.1567383,438.7617493,53805.98438,0.242923006,33.97454834,54.31053925,3587.974854,26.83403587,178.7717285,46.54294968,1.276507974,154.281189,25.53518486,0.11169,0.344107002,1.068025947
2.237175941,60.52022552,595.772644,419.1020508,53967.84766,0.243851006,33.37289429,53.66653824,3563.759277,26.40096092,175.9723816,43.28617859,1.344027996,158.9492035,24.76791,0.111525998,0.335812002,1.062891006
2.266614914,60.56625748,614.4834595,421.549469,54968.22266,0.246595994,36.32740402,55.5943985,3575.716797,27.41707611,179.6586609,42.47336197,1.351140022,156.8258362,25.13216782,0.118175998,0.352869004,1.159926057
2.197213888,56.59357452,586.6426392,405.0693054,54771.57813,0.229804993,34.46641922,53.04412842,3425.852783,25.64893532,175.318573,39.37347412,1.248175025,148.0487061,24.25234032,0.110916004,0.332516998,1.138453007
2.173388958,55.30461121,601.8111572,413.4562073,57484.78906,0.231502995,34.18463135,54.02272797,3545.354004,25.25881577,179.4260559,39.21014786,1.243723989,144.858139,24.15532684,0.109283999,0.344556004,1.137887955
2.119189978,54.35797119,587.4494629,443.8675232,56041.05859,0.226242006,35.15976715,52.78189468,3492.573242,24.62364769,172.79776,37.59783173,1.223870993,152.7371216,23.46637726,0.106803,0.333140999,1.101858974
2.189053059,55.15248871,594.5084839,470.7496948,57401.09766,0.232572004,41.61693192,53.39188004,3606.20166,25.61174965,177.6283264,36.61662292,1.241117954,148.1760406,24.67486191,0.115411997,0.367662996,1.128391981
2.170362949,56.08110428,597.6168213,472.0223999,57321.52344,0.232272997,40.75510025,54.44011688,3786.01416,26.64748573,180.1183929,37.15126038,1.263054013,149.7568054,26.40126991,0.118928,0.369325995,1.132315993
2.214651108,56.25108719,624.5038452,473.7026367,61593.94922,0.233781993,43.15711212,54.32619095,3862.634766,26.94454575,188.8141327,36.94949341,1.583204985,162.5962067,25.8493557,0.119678997,0.361434013,1.140550017
2.226522446,56.73460388,632.4362793,474.6398621,61588.75,0.238515764,44.00279999,54.58248901,3843.344971,27.32683754,190.5539398,37.26060867,1.500970125,159.5079193,26.06113243,0.119923905,0.373089343,1.142216802
